product_id,category,price,brand,avg_rating
2001,Books,633.93,Hernandez Inc,1.1
2002,Toys,579.16,"Rodriguez, Brennan and Garrison",2.1
2003,Beauty,699.27,Gibson Ltd,2.8
2004,Health,11.06,Bryant Group,3.5
2005,Books,105.44,"Mcdaniel, Bentley and Mclaughlin",4.4
2006,Clothing,869.6,"Jackson, Miller and Robertson",1.8
2007,Books,683.34,Robinson-Brock,1.5
2008,Clothing,117.37,Salazar-Ball,4.9
2009,Food,842.86,Smith-Frost,1.4
2010,Home & Kitchen,246.02,"Rivera, Johnson and Wiley",2.9
2011,Automotive,480.87,Davenport PLC,3.3
2012,Books,149.47,"Carroll, Sullivan and Bass",3.2
2013,Sports,711.56,"Carroll, Sullivan and Bass",1.3
2014,Health,668.52,Hernandez Ltd,1.2
2015,Beauty,215.06,Hernandez Ltd,1.4
2016,Health,864.08,"Lewis, Kennedy and Santana",3.3
2017,Electronics,404.3,"Shields, Cochran and Adams",3.2
2018,Automotive,296.05,Scott Ltd,1.9
2019,Electronics,156.57,Walker Ltd,3.6
2020,Food,269.84,Diaz Inc,4.3
2021,Automotive,26.92,Salazar-Ball,1.2
2022,Automotive,585.34,White-Estes,3.0
2023,Electronics,843.02,Torres-Pope,3.8
2024,Clothing,551.24,Gibson Ltd,2.0
2025,Electronics,223.18,"Rivera, Johnson and Wiley",2.2
2026,Health,38.5,Rasmussen LLC,3.5
2027,Clothing,218.55,Hernandez Ltd,4.6
2028,Health,419.04,Rasmussen LLC,4.2
2029,Food,760.81,Rasmussen LLC,3.3
2030,Beauty,191.9,Riggs PLC,3.9
2031,Toys,721.19,Walker Ltd,2.5
2032,Clothing,867.6,"Rivera, Johnson and Wiley",3.6
2033,Food,456.68,Mitchell-Jordan,2.9
2034,Sports,822.32,"Shields, Cochran and Adams",1.8
2035,Food,556.88,Gibson Ltd,3.8
2036,Electronics,638.91,Chandler-Edwards,3.2
2037,Electronics,528.65,"Mccall, Hanson and Alvarado",2.4
2038,Toys,465.86,Cortez LLC,4.6
2039,Food,238.48,"Joyce, Wilson and Lam",1.1
2040,Home & Kitchen,306.68,White-Estes,2.3
2041,Beauty,293.52,Walker Ltd,1.2
2042,Electronics,565.47,May-Ross,4.1
2043,Toys,124.35,"Shields, Cochran and Adams",3.8
2044,Beauty,917.21,Torres-Pope,2.3
2045,Food,722.05,Robinson-Brock,3.7
2046,Food,404.44,Hernandez Inc,2.6
2047,Automotive,162.83,Johnson-Carlson,4.0
2048,Toys,882.58,Johnson-Doyle,2.8
2049,Electronics,824.66,"Jackson, Miller and Robertson",2.6
2050,Home & Kitchen,723.11,Salazar-Ball,4.7
2051,Food,275.19,White-Estes,2.0
2052,Home & Kitchen,405.43,May-Ross,1.5
2053,Food,107.23,Riggs PLC,3.3
2054,Electronics,193.09,"Wright, Garcia and Deleon",4.9
2055,Beauty,784.1,Diaz Inc,2.5
2056,Books,716.46,Mitchell-Jordan,1.2
2057,Beauty,595.52,Gibson Ltd,2.4
2058,Food,896.25,Walker Ltd,3.0
2059,Health,585.35,"Holmes, Williams and Wright",1.6
2060,Books,469.63,"Rivera, Johnson and Wiley",3.6
2061,Books,343.67,"Simmons, Meadows and Griffin",5.0
2062,Home & Kitchen,940.75,Chambers and Sons,2.8
2063,Toys,87.3,Hancock and Sons,2.4
2064,Home & Kitchen,931.23,Johnson-Carlson,2.6
2065,Home & Kitchen,827.58,Walker Ltd,1.5
2066,Health,134.28,"Mccall, Hanson and Alvarado",4.5
2067,Beauty,567.16,Ross LLC,2.7
2068,Beauty,867.22,"Carroll, Sullivan and Bass",2.5
2069,Sports,573.95,"Wright, Garcia and Deleon",3.6
2070,Food,907.66,Riggs PLC,2.8
2071,Health,943.27,Patton-Jenkins,3.6
2072,Sports,425.27,Diaz Inc,1.2
2073,Electronics,380.43,Walker Ltd,4.3
2074,Food,936.64,Mitchell-Jordan,4.8
2075,Food,676.76,Hernandez Inc,3.6
2076,Automotive,120.44,Hernandez Inc,4.8
2077,Automotive,47.08,"Parker, Ortiz and Powell",1.6
2078,Clothing,566.81,"Bentley, Byrd and Orr",2.9
2079,Clothing,930.52,Nolan and Sons,3.4
2080,Home & Kitchen,845.03,"Parker, Ortiz and Powell",3.3
2081,Electronics,677.47,Nolan and Sons,2.6
2082,Books,143.42,"Holmes, Williams and Wright",2.4
2083,Books,257.96,"Lewis, Kennedy and Santana",1.5
2084,Automotive,876.13,May-Ross,2.6
2085,Automotive,186.89,Scott Ltd,1.7
2086,Automotive,282.05,Mitchell-Jordan,3.9
2087,Health,133.95,Hernandez Inc,1.8
2088,Toys,677.73,Patton-Jenkins,1.2
2089,Clothing,944.26,Patton-Jenkins,3.2
2090,Health,272.62,Hancock and Sons,3.4
2091,Beauty,478.03,Ross LLC,4.5
2092,Books,636.17,Mitchell-Jordan,3.3
2093,Food,999.47,"Jackson, Miller and Robertson",2.4
2094,Clothing,109.28,"Rodriguez, Brennan and Garrison",4.2
2095,Sports,501.08,Nolan and Sons,3.2
2096,Beauty,388.19,Torres-Pope,1.3
2097,Clothing,866.49,"Simmons, Meadows and Griffin",3.3
2098,Health,478.59,"Carroll, Sullivan and Bass",4.6
2099,Electronics,115.42,Spencer-Lee,2.6
2100,Food,636.25,Dickson-Brady,2.2
2101,Clothing,771.93,Diaz Inc,1.6
2102,Toys,7.87,"Lee, Horton and Snyder",1.6
2103,Automotive,859.66,"Carroll, Sullivan and Bass",2.7
2104,Automotive,190.09,"Joyce, Wilson and Lam",3.4
2105,Food,554.31,Chandler-Edwards,1.3
2106,Health,418.72,Riggs PLC,4.8
2107,Automotive,721.06,Scott Ltd,4.0
2108,Clothing,374.31,"Wright, Garcia and Deleon",3.3
2109,Sports,870.41,Walker Ltd,4.3
2110,Books,731.84,"Holmes, Williams and Wright",1.3
2111,Books,649.47,Hernandez Ltd,2.9
2112,Beauty,797.26,Manning Group,3.5
2113,Home & Kitchen,755.25,"Simmons, Meadows and Griffin",4.3
2114,Electronics,40.76,Chandler-Edwards,4.1
2115,Food,397.76,Walker Ltd,2.1
2116,Beauty,931.15,"Rivera, Johnson and Wiley",4.8
2117,Home & Kitchen,130.1,"Harvey, Davis and Crane",1.5
2118,Health,738.41,"Lawson, Morris and Ramos",4.5
2119,Toys,974.72,Davenport PLC,4.9
2120,Toys,56.94,Rasmussen LLC,1.7
2121,Electronics,683.78,Walker Ltd,3.9
2122,Automotive,470.81,"Rivera, Johnson and Wiley",1.2
2123,Clothing,581.28,"Mcdaniel, Bentley and Mclaughlin",2.6
2124,Beauty,89.91,Patton-Jenkins,3.1
2125,Beauty,47.79,Manning Group,3.3
2126,Food,668.53,Cortez LLC,4.7
2127,Food,824.19,"Holmes, Williams and Wright",3.7
2128,Toys,783.11,Smith-Frost,2.9
2129,Toys,546.09,Bryant Group,4.2
2130,Sports,104.37,Patton-Jenkins,4.8
2131,Sports,689.6,Patton-Jenkins,1.1
2132,Automotive,245.68,"Mccall, Hanson and Alvarado",4.9
2133,Sports,911.51,"Schmidt, Hansen and Stewart",1.3
2134,Clothing,839.07,Walker Ltd,4.3
2135,Clothing,710.84,Riggs PLC,2.1
2136,Beauty,949.1,Chambers and Sons,1.5
2137,Books,36.26,"Simmons, Meadows and Griffin",2.8
2138,Clothing,737.52,"Parker, Ortiz and Powell",3.6
2139,Home & Kitchen,333.59,Diaz Inc,2.5
2140,Toys,906.54,May-Ross,1.2
2141,Food,270.34,"Hernandez, Anderson and Parker",3.4
2142,Sports,726.23,White-Estes,4.6
2143,Beauty,878.26,"Rivera, Johnson and Wiley",2.5
2144,Electronics,46.45,"Bentley, Byrd and Orr",1.9
2145,Food,400.66,Riggs PLC,2.8
2146,Home & Kitchen,763.5,Walker Ltd,1.2
2147,Sports,457.64,Mitchell-Jordan,4.3
2148,Home & Kitchen,270.92,Manning Group,4.3
2149,Toys,223.71,Spencer-Lee,3.4
2150,Toys,135.86,Bryant Group,2.4
2151,Automotive,857.84,"Bentley, Byrd and Orr",4.2
2152,Beauty,577.48,White-Estes,3.2
2153,Food,81.0,Walker Ltd,4.3
2154,Health,385.67,Stafford Inc,3.5
2155,Health,370.89,"Joyce, Wilson and Lam",4.1
2156,Food,185.83,"Bentley, Byrd and Orr",3.4
2157,Electronics,438.33,"Joyce, Wilson and Lam",2.7
2158,Beauty,335.44,Salazar-Ball,4.8
2159,Home & Kitchen,345.09,"Rivera, Johnson and Wiley",3.2
2160,Electronics,740.33,Gibson Ltd,3.4
2161,Books,227.15,Johnson-Carlson,1.9
2162,Food,643.65,Rasmussen LLC,3.5
2163,Home & Kitchen,572.8,"Shields, Cochran and Adams",3.3
2164,Health,570.25,"Rodriguez, Brennan and Garrison",1.7
2165,Clothing,664.69,Robinson-Brock,1.2
2166,Automotive,550.64,"Carroll, Sullivan and Bass",3.4
2167,Health,879.86,Smith-Frost,4.1
2168,Beauty,677.2,"Bentley, Byrd and Orr",3.1
2169,Toys,549.23,"Lawson, Morris and Ramos",1.9
2170,Clothing,830.61,"Shields, Cochran and Adams",3.7
2171,Automotive,608.12,"Schmidt, Hansen and Stewart",1.3
2172,Automotive,294.69,Davenport PLC,2.8
2173,Books,211.06,Robinson-Brock,1.7
2174,Books,156.57,"Jackson, Miller and Robertson",1.7
2175,Sports,899.96,Gonzalez Group,1.8
2176,Health,711.58,"Lewis, Kennedy and Santana",2.5
2177,Health,937.69,May-Ross,1.2
2178,Health,605.28,"Shields, Cochran and Adams",2.6
2179,Sports,476.03,Mitchell-Jordan,3.0
2180,Electronics,64.42,Rasmussen LLC,2.9
2181,Automotive,673.28,Torres-Pope,2.5
2182,Clothing,584.3,"Lawson, Morris and Ramos",4.4
2183,Beauty,990.26,"Holmes, Williams and Wright",1.6
2184,Automotive,242.96,Ross LLC,3.0
2185,Books,533.08,Patton-Jenkins,1.2
2186,Home & Kitchen,652.7,Patton-Jenkins,1.3
2187,Toys,646.37,Cortez LLC,3.3
2188,Sports,563.49,Torres-Pope,3.3
2189,Food,778.04,Davenport PLC,4.5
2190,Home & Kitchen,208.96,Stafford Inc,3.2
2191,Beauty,727.0,Gibson Ltd,4.8
2192,Health,621.64,Hernandez Ltd,1.2
2193,Books,896.59,Gonzalez Group,1.4
2194,Books,847.96,Riggs PLC,1.2
2195,Books,318.57,Stafford Inc,1.7
2196,Health,279.86,"Carroll, Sullivan and Bass",3.2
2197,Food,981.75,"Rivera, Johnson and Wiley",3.6
2198,Sports,529.63,"Lawson, Morris and Ramos",1.2
2199,Home & Kitchen,906.89,Mitchell-Jordan,4.8
2200,Health,168.06,Spencer-Lee,4.4
2201,Beauty,644.6,"Joyce, Wilson and Lam",2.2
2202,Sports,810.81,"Joyce, Wilson and Lam",1.3
2203,Beauty,947.66,Gibson Ltd,1.7
2204,Sports,340.65,Smith-Frost,1.5
2205,Food,726.36,Hancock and Sons,1.5
2206,Toys,541.12,Scott Ltd,3.1
2207,Beauty,65.33,Manning Group,2.0
2208,Health,691.55,Hernandez Inc,2.4
2209,Sports,691.65,Chambers and Sons,5.0
2210,Books,930.95,"Holmes, Williams and Wright",3.7
2211,Automotive,499.83,Patton-Jenkins,4.8
2212,Books,234.1,"Lee, Horton and Snyder",1.6
2213,Electronics,49.34,"Simmons, Meadows and Griffin",2.5
2214,Toys,418.56,"Jackson, Miller and Robertson",3.2
2215,Toys,305.41,Gonzalez Group,1.3
2216,Books,762.28,"Mcdaniel, Bentley and Mclaughlin",1.0
2217,Home & Kitchen,357.5,"Simmons, Meadows and Griffin",3.7
2218,Food,949.33,"Joyce, Wilson and Lam",3.6
2219,Beauty,962.5,"Hernandez, Anderson and Parker",2.6
2220,Health,622.8,Gibson Ltd,3.0
2221,Toys,929.02,Johnson-Carlson,2.7
2222,Books,762.05,Riggs PLC,1.1
2223,Books,549.13,"Parker, Ortiz and Powell",2.3
2224,Food,184.41,"Rivera, Johnson and Wiley",1.7
2225,Food,461.3,Hancock and Sons,1.4
2226,Clothing,563.07,Johnson-Carlson,4.8
2227,Clothing,864.64,Hernandez Inc,3.4
2228,Home & Kitchen,483.93,"Parker, Ortiz and Powell",3.9
2229,Home & Kitchen,898.19,"Hernandez, Anderson and Parker",2.3
2230,Electronics,675.98,Hernandez Inc,2.6
2231,Home & Kitchen,141.31,Chambers and Sons,1.9
2232,Sports,995.01,"Wright, Garcia and Deleon",1.4
2233,Food,529.6,Scott Ltd,1.7
2234,Health,394.9,"Mccall, Hanson and Alvarado",4.2
2235,Sports,660.82,"Simmons, Meadows and Griffin",3.7
2236,Beauty,113.35,Stafford Inc,3.2
2237,Books,638.36,"Harvey, Davis and Crane",2.9
2238,Home & Kitchen,500.74,Walker Ltd,4.7
2239,Books,409.64,Mitchell-Jordan,1.3
2240,Toys,953.25,"Rivera, Johnson and Wiley",2.1
2241,Electronics,524.93,"Lee, Horton and Snyder",2.4
2242,Toys,223.02,"Harvey, Davis and Crane",4.1
2243,Electronics,461.67,Bryant Group,5.0
2244,Clothing,919.79,Johnson-Carlson,2.0
2245,Books,180.21,"Jackson, Miller and Robertson",4.5
2246,Electronics,217.89,Bryant Group,4.3
2247,Automotive,17.96,Gibson Ltd,1.9
2248,Sports,19.12,"Parker, Ortiz and Powell",2.6
2249,Electronics,830.24,Davenport PLC,2.6
2250,Electronics,733.46,Hernandez Ltd,4.9
2251,Sports,358.27,White-Estes,1.7
2252,Books,699.82,Salazar-Ball,4.2
2253,Books,398.23,Gibson Ltd,2.3
2254,Sports,953.13,"Lawson, Morris and Ramos",3.9
2255,Toys,967.22,Torres-Pope,2.7
2256,Automotive,395.83,Patton-Jenkins,3.3
2257,Health,854.95,"Mcdaniel, Bentley and Mclaughlin",4.3
2258,Beauty,774.22,May-Ross,4.2
2259,Automotive,313.45,Manning Group,4.5
2260,Books,235.88,"Wright, Garcia and Deleon",1.2
2261,Health,460.94,Hernandez Inc,3.8
2262,Clothing,782.44,Robinson-Brock,1.6
2263,Home & Kitchen,960.37,Cortez LLC,2.7
2264,Electronics,764.76,"Shields, Cochran and Adams",3.2
2265,Sports,855.93,"Schmidt, Hansen and Stewart",2.6
2266,Sports,605.05,May-Ross,3.1
2267,Electronics,836.23,Torres-Pope,5.0
2268,Home & Kitchen,785.5,"Carroll, Sullivan and Bass",1.5
2269,Beauty,380.1,"Mcdaniel, Bentley and Mclaughlin",3.7
2270,Home & Kitchen,554.23,Ross LLC,2.6
2271,Health,805.73,"Holmes, Williams and Wright",1.5
2272,Home & Kitchen,50.83,Diaz Inc,1.6
2273,Health,809.04,"Lewis, Kennedy and Santana",4.8
2274,Home & Kitchen,182.0,Nolan and Sons,4.5
2275,Beauty,517.11,"Mcdaniel, Bentley and Mclaughlin",4.6
2276,Beauty,809.23,Hernandez Ltd,5.0
2277,Books,257.55,"Shields, Cochran and Adams",1.8
2278,Electronics,249.58,"Mccall, Hanson and Alvarado",2.4
2279,Beauty,405.75,Chandler-Edwards,3.7
2280,Health,895.17,Gibson Ltd,2.9
2281,Beauty,5.44,"Rodriguez, Brennan and Garrison",2.7
2282,Books,901.88,Johnson-Carlson,2.4
2283,Sports,158.04,Nolan and Sons,3.4
2284,Health,990.14,"Mcdaniel, Bentley and Mclaughlin",3.3
2285,Books,955.07,Dickson-Brady,1.6
2286,Toys,497.2,Nolan and Sons,2.9
2287,Toys,515.16,Cortez LLC,3.2
2288,Clothing,484.14,May-Ross,3.3
2289,Home & Kitchen,637.27,"Simmons, Meadows and Griffin",1.8
2290,Electronics,95.27,Rasmussen LLC,4.0
2291,Food,37.45,"Jackson, Miller and Robertson",1.1
2292,Automotive,62.41,Torres-Pope,2.4
2293,Books,447.14,"Lee, Horton and Snyder",4.1
2294,Sports,279.17,Robinson-Brock,3.3
2295,Automotive,623.93,"Mccall, Hanson and Alvarado",2.0
2296,Sports,992.48,"Schmidt, Hansen and Stewart",3.8
2297,Automotive,389.39,"Lewis, Kennedy and Santana",3.3
2298,Books,575.97,Smith-Frost,4.2
2299,Food,418.53,"Carroll, Sullivan and Bass",3.9
2300,Automotive,848.04,Manning Group,3.4
2301,Books,902.73,Chandler-Edwards,3.0
2302,Beauty,877.97,Torres-Pope,1.5
2303,Food,974.5,Smith-Frost,2.0
2304,Health,32.38,"Wright, Garcia and Deleon",2.7
2305,Sports,840.62,Smith-Frost,3.4
2306,Toys,753.01,Salazar-Ball,3.1
2307,Home & Kitchen,232.55,Salazar-Ball,2.2
2308,Toys,956.54,Davenport PLC,1.0
2309,Food,152.44,Diaz Inc,3.0
2310,Health,681.15,"Hernandez, Anderson and Parker",2.1
2311,Sports,228.77,"Bentley, Byrd and Orr",3.9
2312,Health,434.22,Nolan and Sons,1.1
2313,Automotive,720.56,"Joyce, Wilson and Lam",3.3
2314,Sports,565.51,Diaz Inc,4.8
2315,Automotive,430.36,Chandler-Edwards,1.7
2316,Books,329.71,"Simmons, Meadows and Griffin",2.9
2317,Food,840.46,Scott Ltd,1.4
2318,Books,148.1,"Joyce, Wilson and Lam",3.5
2319,Clothing,432.95,"Lawson, Morris and Ramos",3.2
2320,Health,904.24,Hernandez Inc,2.6
2321,Automotive,846.62,Rasmussen LLC,3.1
2322,Beauty,403.94,Bryant Group,4.6
2323,Books,764.29,Rasmussen LLC,1.8
2324,Clothing,824.05,Bryant Group,1.1
2325,Electronics,889.44,Diaz Inc,4.4
2326,Toys,546.78,"Joyce, Wilson and Lam",3.3
2327,Sports,208.44,"Mcdaniel, Bentley and Mclaughlin",4.6
2328,Clothing,259.03,Dickson-Brady,3.4
2329,Food,299.22,Hancock and Sons,4.2
2330,Books,595.83,"Simmons, Meadows and Griffin",2.7
2331,Food,37.65,Stafford Inc,4.0
2332,Toys,637.86,Salazar-Ball,4.7
2333,Beauty,367.53,Robinson-Brock,3.3
2334,Health,298.77,"Schmidt, Hansen and Stewart",1.7
2335,Health,880.1,Smith-Frost,2.1
2336,Food,462.7,"Wright, Garcia and Deleon",1.8
2337,Automotive,99.58,Cortez LLC,2.0
2338,Beauty,827.61,White-Estes,2.2
2339,Health,52.4,"Joyce, Wilson and Lam",3.2
2340,Beauty,728.12,"Parker, Ortiz and Powell",3.4
2341,Clothing,775.04,"Jackson, Miller and Robertson",2.7
2342,Beauty,355.84,Scott Ltd,3.5
2343,Home & Kitchen,825.66,Gibson Ltd,1.3
2344,Toys,518.08,Smith-Frost,1.4
2345,Health,465.98,Nolan and Sons,1.7
2346,Beauty,50.18,Gibson Ltd,3.1
2347,Food,293.58,Manning Group,1.9
2348,Electronics,931.35,"Rodriguez, Brennan and Garrison",2.1
2349,Home & Kitchen,394.86,Diaz Inc,2.6
2350,Home & Kitchen,548.97,"Simmons, Meadows and Griffin",4.2
2351,Automotive,534.36,Patton-Jenkins,1.1
2352,Beauty,592.48,Gonzalez Group,3.6
2353,Automotive,66.02,Dickson-Brady,3.7
2354,Automotive,365.37,"Holmes, Williams and Wright",4.2
2355,Electronics,724.51,Chambers and Sons,4.7
2356,Clothing,204.56,"Holmes, Williams and Wright",1.1
2357,Beauty,207.56,Hernandez Inc,1.6
2358,Books,15.04,Spencer-Lee,4.5
2359,Health,440.29,Dickson-Brady,2.8
2360,Automotive,883.32,"Shields, Cochran and Adams",3.3
2361,Toys,56.64,Salazar-Ball,3.7
2362,Sports,195.16,"Hernandez, Anderson and Parker",3.7
2363,Toys,313.53,Davenport PLC,4.7
2364,Electronics,733.07,Gibson Ltd,5.0
2365,Electronics,642.43,"Bentley, Byrd and Orr",3.9
2366,Food,418.86,Gonzalez Group,2.1
2367,Clothing,760.27,"Parker, Ortiz and Powell",4.5
2368,Health,611.58,Robinson-Brock,1.2
2369,Automotive,896.56,Torres-Pope,1.9
2370,Toys,818.94,Riggs PLC,4.6
2371,Sports,256.55,"Mccall, Hanson and Alvarado",2.0
2372,Electronics,275.08,Walker Ltd,1.9
2373,Electronics,129.73,Patton-Jenkins,1.6
2374,Clothing,340.28,"Parker, Ortiz and Powell",4.4
2375,Sports,999.55,"Bentley, Byrd and Orr",3.0
2376,Sports,408.72,"Shields, Cochran and Adams",3.7
2377,Clothing,224.39,Riggs PLC,2.0
2378,Electronics,763.67,"Carroll, Sullivan and Bass",4.0
2379,Health,544.76,"Joyce, Wilson and Lam",4.0
2380,Beauty,153.85,"Schmidt, Hansen and Stewart",2.3
2381,Beauty,383.79,"Lewis, Kennedy and Santana",2.6
2382,Clothing,417.4,"Carroll, Sullivan and Bass",1.8
2383,Sports,755.06,Diaz Inc,4.9
2384,Automotive,25.57,Torres-Pope,3.6
2385,Clothing,272.67,Davenport PLC,4.7
2386,Health,520.01,Scott Ltd,2.2
2387,Clothing,272.5,Gibson Ltd,4.1
2388,Home & Kitchen,630.29,Chambers and Sons,4.1
2389,Toys,484.46,"Schmidt, Hansen and Stewart",3.8
2390,Sports,364.9,Davenport PLC,4.9
2391,Food,949.46,Davenport PLC,2.6
2392,Food,634.0,Hernandez Ltd,1.5
2393,Sports,134.29,Hernandez Ltd,3.7
2394,Health,562.29,"Joyce, Wilson and Lam",3.9
2395,Home & Kitchen,781.83,Rasmussen LLC,3.3
2396,Home & Kitchen,709.95,"Rivera, Johnson and Wiley",1.8
2397,Electronics,176.23,Scott Ltd,3.0
2398,Toys,972.56,Hernandez Inc,2.2
2399,Beauty,451.57,"Jackson, Miller and Robertson",2.7
2400,Books,163.23,"Holmes, Williams and Wright",3.6
2401,Health,184.29,May-Ross,4.0
2402,Books,102.74,Patton-Jenkins,1.9
2403,Books,804.5,"Schmidt, Hansen and Stewart",2.6
2404,Sports,126.42,"Rivera, Johnson and Wiley",2.1
2405,Food,129.5,"Rivera, Johnson and Wiley",1.8
2406,Food,851.22,"Mccall, Hanson and Alvarado",4.1
2407,Beauty,347.88,Walker Ltd,4.6
2408,Sports,35.7,"Rivera, Johnson and Wiley",2.5
2409,Books,56.64,Hernandez Inc,4.0
2410,Automotive,146.46,"Rivera, Johnson and Wiley",4.6
2411,Food,217.33,Salazar-Ball,4.4
2412,Health,666.82,Ross LLC,1.7
2413,Health,161.54,"Holmes, Williams and Wright",4.8
2414,Electronics,123.28,Hancock and Sons,2.5
2415,Clothing,765.9,"Jackson, Miller and Robertson",2.4
2416,Automotive,672.7,Bryant Group,1.2
2417,Food,438.15,Ross LLC,2.9
2418,Home & Kitchen,551.56,"Schmidt, Hansen and Stewart",1.4
2419,Food,315.42,Patton-Jenkins,2.0
2420,Electronics,485.09,Rasmussen LLC,2.3
2421,Health,509.14,Cortez LLC,4.2
2422,Books,390.3,Walker Ltd,4.5
2423,Home & Kitchen,907.04,"Simmons, Meadows and Griffin",2.2
2424,Sports,20.98,"Carroll, Sullivan and Bass",4.4
2425,Toys,783.26,"Jackson, Miller and Robertson",4.4
2426,Books,128.76,Hancock and Sons,4.1
2427,Toys,798.56,Dickson-Brady,1.6
2428,Automotive,617.83,Scott Ltd,3.8
2429,Clothing,844.06,"Simmons, Meadows and Griffin",4.8
2430,Home & Kitchen,102.03,Smith-Frost,3.7
2431,Beauty,561.19,Diaz Inc,2.3
2432,Home & Kitchen,503.58,"Lewis, Kennedy and Santana",3.0
2433,Food,707.66,"Mccall, Hanson and Alvarado",3.6
2434,Health,536.62,"Schmidt, Hansen and Stewart",3.0
2435,Food,543.03,Dickson-Brady,1.5
2436,Food,432.45,"Mccall, Hanson and Alvarado",2.2
2437,Automotive,312.29,Chandler-Edwards,4.2
2438,Books,484.85,Hancock and Sons,4.4
2439,Beauty,122.9,Hancock and Sons,1.5
2440,Beauty,961.71,Manning Group,4.8
2441,Food,715.84,White-Estes,2.3
2442,Toys,952.7,"Wright, Garcia and Deleon",3.6
2443,Automotive,230.59,"Rivera, Johnson and Wiley",4.0
2444,Food,879.94,Ross LLC,4.2
2445,Clothing,809.75,Ross LLC,4.8
2446,Health,678.77,Walker Ltd,2.3
2447,Books,626.9,Johnson-Doyle,4.4
2448,Sports,319.97,Robinson-Brock,1.5
2449,Clothing,817.33,Rasmussen LLC,3.8
2450,Toys,504.01,Johnson-Carlson,4.0
2451,Home & Kitchen,75.54,Stafford Inc,3.7
2452,Home & Kitchen,316.3,"Schmidt, Hansen and Stewart",2.0
2453,Clothing,935.62,Robinson-Brock,4.5
2454,Food,851.43,"Jackson, Miller and Robertson",1.7
2455,Sports,982.0,"Rivera, Johnson and Wiley",1.2
2456,Electronics,629.85,"Jackson, Miller and Robertson",3.9
2457,Electronics,251.27,Johnson-Carlson,2.9
2458,Toys,167.0,Chandler-Edwards,4.4
2459,Food,190.98,"Harvey, Davis and Crane",2.5
2460,Beauty,24.7,"Jackson, Miller and Robertson",1.7
2461,Beauty,393.73,Mitchell-Jordan,4.3
2462,Books,195.47,Salazar-Ball,3.2
2463,Sports,414.6,Robinson-Brock,1.8
2464,Sports,935.32,Gibson Ltd,3.9
2465,Home & Kitchen,433.39,"Mcdaniel, Bentley and Mclaughlin",3.0
2466,Automotive,878.59,"Rivera, Johnson and Wiley",3.4
2467,Toys,607.48,Johnson-Doyle,2.8
2468,Electronics,250.9,Stafford Inc,4.3
2469,Toys,359.08,Manning Group,4.3
2470,Beauty,88.5,Davenport PLC,3.8
2471,Beauty,336.8,"Jackson, Miller and Robertson",1.4
2472,Clothing,679.15,Mitchell-Jordan,4.4
2473,Books,76.75,"Harvey, Davis and Crane",3.7
2474,Sports,209.37,Walker Ltd,3.8
2475,Health,384.53,Hancock and Sons,2.5
2476,Toys,982.14,Ross LLC,4.5
2477,Beauty,785.94,Chambers and Sons,3.9
2478,Automotive,734.82,Salazar-Ball,1.5
2479,Home & Kitchen,120.61,Rasmussen LLC,2.6
2480,Electronics,782.09,"Schmidt, Hansen and Stewart",4.5
2481,Books,786.34,"Wright, Garcia and Deleon",1.2
2482,Automotive,603.1,Gibson Ltd,4.8
2483,Books,990.41,May-Ross,3.7
2484,Clothing,328.63,"Parker, Ortiz and Powell",3.5
2485,Health,941.57,May-Ross,2.1
2486,Beauty,915.16,"Wright, Garcia and Deleon",2.0
2487,Home & Kitchen,16.42,"Holmes, Williams and Wright",4.8
2488,Automotive,452.87,"Mccall, Hanson and Alvarado",2.2
2489,Books,977.22,"Parker, Ortiz and Powell",4.1
2490,Sports,107.61,Mitchell-Jordan,2.6
2491,Clothing,550.05,"Holmes, Williams and Wright",1.6
2492,Sports,979.06,"Hernandez, Anderson and Parker",1.0
2493,Home & Kitchen,557.72,"Carroll, Sullivan and Bass",3.2
2494,Automotive,193.87,Nolan and Sons,4.9
2495,Clothing,584.27,Patton-Jenkins,2.5
2496,Automotive,208.42,"Mcdaniel, Bentley and Mclaughlin",2.4
2497,Beauty,522.11,Rasmussen LLC,2.4
2498,Food,78.67,Stafford Inc,3.1
2499,Clothing,607.46,"Carroll, Sullivan and Bass",2.8
2500,Sports,519.21,"Shields, Cochran and Adams",4.5
2501,Home & Kitchen,741.46,Riggs PLC,3.0
2502,Health,632.55,"Holmes, Williams and Wright",3.0
2503,Beauty,551.86,"Hernandez, Anderson and Parker",1.6
2504,Food,691.33,Patton-Jenkins,4.9
2505,Health,148.22,Johnson-Doyle,2.0
2506,Electronics,597.38,Robinson-Brock,1.3
2507,Beauty,176.25,Riggs PLC,3.7
2508,Home & Kitchen,925.89,Hernandez Ltd,3.4
2509,Books,72.99,May-Ross,2.7
2510,Clothing,433.22,"Jackson, Miller and Robertson",2.7
2511,Automotive,697.32,"Bentley, Byrd and Orr",4.1
2512,Home & Kitchen,460.73,"Rodriguez, Brennan and Garrison",1.8
2513,Clothing,96.63,Hernandez Inc,4.3
2514,Health,555.61,White-Estes,3.6
2515,Automotive,643.42,Manning Group,2.7
2516,Toys,705.27,Dickson-Brady,2.8
2517,Sports,376.39,Spencer-Lee,2.0
2518,Electronics,565.84,Riggs PLC,4.0
2519,Beauty,453.43,"Lewis, Kennedy and Santana",3.1
2520,Home & Kitchen,673.7,Stafford Inc,2.3
2521,Electronics,585.64,"Holmes, Williams and Wright",3.4
2522,Books,528.13,Smith-Frost,5.0
2523,Clothing,253.28,Dickson-Brady,2.7
2524,Clothing,7.01,"Bentley, Byrd and Orr",4.7
2525,Home & Kitchen,178.21,Hancock and Sons,2.4
2526,Food,121.48,Bryant Group,1.2
2527,Food,451.84,Robinson-Brock,1.8
2528,Toys,614.2,"Wright, Garcia and Deleon",2.7
2529,Sports,217.02,Spencer-Lee,1.9
2530,Automotive,939.36,Smith-Frost,1.0
2531,Books,11.65,Hancock and Sons,4.7
2532,Electronics,773.44,Mitchell-Jordan,4.4
2533,Food,627.08,Hernandez Ltd,4.0
2534,Toys,376.69,White-Estes,1.7
2535,Toys,55.24,Rasmussen LLC,1.5
2536,Home & Kitchen,629.35,Gibson Ltd,1.3
2537,Books,388.69,Mitchell-Jordan,3.9
2538,Health,936.59,"Shields, Cochran and Adams",4.7
2539,Automotive,544.28,Chambers and Sons,2.7
2540,Sports,939.95,"Rodriguez, Brennan and Garrison",1.5
2541,Beauty,224.38,Chandler-Edwards,3.0
2542,Home & Kitchen,727.1,Hancock and Sons,2.4
2543,Automotive,619.16,Salazar-Ball,2.5
2544,Beauty,740.71,Nolan and Sons,3.5
2545,Beauty,218.59,Hernandez Ltd,3.9
2546,Books,666.67,Gonzalez Group,1.4
2547,Books,500.55,Stafford Inc,1.1
2548,Electronics,744.11,"Rivera, Johnson and Wiley",5.0
2549,Toys,330.41,Mitchell-Jordan,1.9
2550,Automotive,890.61,"Wright, Garcia and Deleon",1.2
2551,Home & Kitchen,88.88,"Wright, Garcia and Deleon",1.8
2552,Clothing,808.15,"Rivera, Johnson and Wiley",1.2
2553,Home & Kitchen,862.01,"Lee, Horton and Snyder",2.6
2554,Electronics,818.17,Johnson-Carlson,4.2
2555,Sports,515.16,Dickson-Brady,2.4
2556,Toys,441.19,Mitchell-Jordan,2.8
2557,Clothing,996.28,Scott Ltd,3.7
2558,Food,233.03,Hancock and Sons,3.0
2559,Sports,549.14,"Jackson, Miller and Robertson",4.4
2560,Books,672.32,Scott Ltd,4.5
2561,Beauty,702.36,Davenport PLC,1.0
2562,Food,208.0,Chandler-Edwards,4.1
2563,Home & Kitchen,655.72,Scott Ltd,2.8
2564,Home & Kitchen,819.28,Salazar-Ball,5.0
2565,Books,54.77,Gonzalez Group,2.9
2566,Electronics,911.96,Walker Ltd,4.9
2567,Automotive,34.36,Hernandez Ltd,4.0
2568,Food,359.19,Nolan and Sons,2.0
2569,Food,20.73,"Shields, Cochran and Adams",3.2
2570,Health,81.76,Torres-Pope,5.0
2571,Sports,911.61,Smith-Frost,4.4
2572,Toys,358.09,Ross LLC,1.4
2573,Sports,427.65,"Lawson, Morris and Ramos",3.8
2574,Automotive,219.27,White-Estes,2.4
2575,Home & Kitchen,599.11,"Simmons, Meadows and Griffin",1.0
2576,Home & Kitchen,596.83,"Lee, Horton and Snyder",2.6
2577,Home & Kitchen,375.34,"Shields, Cochran and Adams",1.9
2578,Health,336.37,Smith-Frost,4.3
2579,Home & Kitchen,885.54,"Rodriguez, Brennan and Garrison",2.3
2580,Automotive,386.37,Johnson-Carlson,4.3
2581,Books,496.03,"Schmidt, Hansen and Stewart",1.0
2582,Toys,286.89,Dickson-Brady,2.2
2583,Automotive,787.84,"Schmidt, Hansen and Stewart",2.0
2584,Toys,400.46,Smith-Frost,1.9
2585,Automotive,516.04,"Bentley, Byrd and Orr",1.3
2586,Home & Kitchen,257.09,Diaz Inc,1.7
2587,Books,987.72,"Parker, Ortiz and Powell",3.2
2588,Food,295.04,"Lewis, Kennedy and Santana",2.2
2589,Sports,771.89,"Holmes, Williams and Wright",2.7
2590,Beauty,430.36,Salazar-Ball,2.5
2591,Books,210.19,"Schmidt, Hansen and Stewart",4.5
2592,Food,800.72,Diaz Inc,4.6
2593,Electronics,336.94,"Rodriguez, Brennan and Garrison",3.0
2594,Automotive,865.87,Ross LLC,2.3
2595,Electronics,915.68,Hernandez Ltd,1.4
2596,Food,860.52,Bryant Group,4.8
2597,Books,39.83,"Bentley, Byrd and Orr",1.2
2598,Automotive,788.44,"Lee, Horton and Snyder",2.2
2599,Beauty,414.28,Diaz Inc,2.2
2600,Home & Kitchen,874.35,Ross LLC,2.3
2601,Automotive,639.76,"Jackson, Miller and Robertson",1.7
2602,Automotive,834.47,Salazar-Ball,4.1
2603,Books,501.93,"Lewis, Kennedy and Santana",1.5
2604,Books,537.35,"Rodriguez, Brennan and Garrison",3.5
2605,Food,148.67,"Jackson, Miller and Robertson",1.5
2606,Clothing,785.07,Gonzalez Group,1.3
2607,Automotive,422.29,Gonzalez Group,4.6
2608,Sports,502.58,"Joyce, Wilson and Lam",1.8
2609,Automotive,786.17,"Joyce, Wilson and Lam",4.3
2610,Food,600.85,Scott Ltd,3.2
2611,Toys,205.09,"Holmes, Williams and Wright",1.3
2612,Electronics,592.28,Johnson-Doyle,4.8
2613,Home & Kitchen,410.59,"Rivera, Johnson and Wiley",2.0
2614,Clothing,472.18,"Hernandez, Anderson and Parker",4.4
2615,Beauty,33.17,Torres-Pope,1.7
2616,Beauty,213.98,Hernandez Ltd,4.4
2617,Beauty,284.63,White-Estes,1.1
2618,Books,714.4,Gonzalez Group,3.0
2619,Beauty,16.44,May-Ross,4.1
2620,Home & Kitchen,411.73,"Simmons, Meadows and Griffin",4.7
2621,Electronics,924.41,White-Estes,4.6
2622,Beauty,116.32,"Jackson, Miller and Robertson",4.3
2623,Automotive,518.84,"Mccall, Hanson and Alvarado",4.6
2624,Automotive,787.59,May-Ross,1.8
2625,Books,942.82,Hancock and Sons,2.1
2626,Home & Kitchen,748.04,Robinson-Brock,2.2
2627,Electronics,721.96,Stafford Inc,2.5
2628,Clothing,827.36,"Schmidt, Hansen and Stewart",2.6
2629,Food,448.97,"Schmidt, Hansen and Stewart",3.2
2630,Electronics,806.82,Salazar-Ball,1.6
2631,Food,12.92,Hernandez Ltd,3.8
2632,Toys,924.94,Torres-Pope,1.7
2633,Food,446.09,Walker Ltd,2.2
2634,Sports,555.61,"Wright, Garcia and Deleon",3.0
2635,Automotive,258.61,Riggs PLC,4.2
2636,Home & Kitchen,743.82,"Hernandez, Anderson and Parker",4.0
2637,Health,81.25,"Mccall, Hanson and Alvarado",3.6
2638,Books,873.27,Cortez LLC,1.6
2639,Sports,828.98,Cortez LLC,3.2
2640,Food,219.98,Rasmussen LLC,1.3
2641,Beauty,810.28,Patton-Jenkins,2.5
2642,Home & Kitchen,787.43,Johnson-Doyle,2.7
2643,Sports,634.06,"Schmidt, Hansen and Stewart",1.2
2644,Books,376.65,Bryant Group,2.1
2645,Automotive,275.14,Gibson Ltd,4.8
2646,Home & Kitchen,235.62,Torres-Pope,4.8
2647,Books,322.02,Walker Ltd,2.4
2648,Toys,904.04,Stafford Inc,1.2
2649,Toys,82.25,"Rivera, Johnson and Wiley",1.7
2650,Books,829.73,"Rivera, Johnson and Wiley",2.6
2651,Sports,352.15,"Harvey, Davis and Crane",4.8
2652,Home & Kitchen,523.99,"Joyce, Wilson and Lam",1.6
2653,Sports,795.51,Patton-Jenkins,4.1
2654,Clothing,884.95,Dickson-Brady,1.4
2655,Food,348.06,"Mccall, Hanson and Alvarado",4.9
2656,Clothing,464.53,May-Ross,2.5
2657,Toys,417.44,"Harvey, Davis and Crane",4.1
2658,Automotive,18.18,"Parker, Ortiz and Powell",2.4
2659,Electronics,299.46,Spencer-Lee,3.5
2660,Food,461.89,"Schmidt, Hansen and Stewart",1.8
2661,Toys,414.04,Torres-Pope,1.6
2662,Sports,723.32,Chambers and Sons,4.8
2663,Sports,387.88,"Bentley, Byrd and Orr",4.7
2664,Sports,491.93,Smith-Frost,4.5
2665,Automotive,432.46,May-Ross,3.5
2666,Clothing,741.92,Ross LLC,4.2
2667,Electronics,863.66,"Rodriguez, Brennan and Garrison",1.3
2668,Sports,534.23,Johnson-Doyle,2.3
2669,Health,790.49,"Holmes, Williams and Wright",2.3
2670,Food,300.3,Chambers and Sons,3.5
2671,Home & Kitchen,543.66,Spencer-Lee,2.4
2672,Health,348.5,Nolan and Sons,1.6
2673,Electronics,417.13,Rasmussen LLC,3.4
2674,Automotive,733.75,"Harvey, Davis and Crane",4.3
2675,Electronics,882.25,"Schmidt, Hansen and Stewart",2.5
2676,Home & Kitchen,125.89,Bryant Group,1.5
2677,Food,636.47,Johnson-Carlson,1.8
2678,Home & Kitchen,584.23,Walker Ltd,1.9
2679,Books,122.82,Hernandez Ltd,2.2
2680,Food,215.83,"Joyce, Wilson and Lam",3.6
2681,Electronics,314.45,Chambers and Sons,3.4
2682,Sports,171.1,Cortez LLC,3.8
2683,Electronics,247.51,Spencer-Lee,2.5
2684,Electronics,271.26,Chandler-Edwards,4.3
2685,Food,339.0,Diaz Inc,1.8
2686,Books,750.64,Hancock and Sons,2.9
2687,Electronics,574.05,"Harvey, Davis and Crane",4.2
2688,Health,986.32,"Hernandez, Anderson and Parker",1.7
2689,Toys,417.66,Scott Ltd,1.4
2690,Beauty,755.1,Mitchell-Jordan,4.5
2691,Beauty,872.11,May-Ross,2.4
2692,Electronics,680.58,White-Estes,3.7
2693,Health,414.81,Dickson-Brady,1.1
2694,Sports,754.83,"Harvey, Davis and Crane",3.8
2695,Automotive,207.65,"Bentley, Byrd and Orr",2.3
2696,Automotive,330.91,"Holmes, Williams and Wright",1.2
2697,Food,548.95,Johnson-Carlson,3.4
2698,Beauty,577.53,Smith-Frost,2.0
2699,Electronics,27.03,"Lewis, Kennedy and Santana",2.5
2700,Automotive,945.39,Walker Ltd,1.3
2701,Electronics,698.14,Stafford Inc,1.6
2702,Food,498.23,Spencer-Lee,2.2
2703,Beauty,933.46,"Harvey, Davis and Crane",1.4
2704,Home & Kitchen,441.9,Scott Ltd,4.6
2705,Toys,980.53,"Schmidt, Hansen and Stewart",1.0
2706,Toys,514.72,"Harvey, Davis and Crane",2.9
2707,Automotive,118.71,"Shields, Cochran and Adams",1.5
2708,Toys,765.98,Riggs PLC,2.2
2709,Home & Kitchen,680.5,Johnson-Carlson,4.7
2710,Electronics,774.12,Hernandez Inc,1.6
2711,Food,951.68,Hancock and Sons,4.9
2712,Home & Kitchen,777.61,"Schmidt, Hansen and Stewart",1.8
2713,Food,613.28,Rasmussen LLC,4.0
2714,Food,858.02,Chandler-Edwards,3.2
2715,Beauty,674.88,"Shields, Cochran and Adams",4.5
2716,Electronics,411.08,Mitchell-Jordan,3.2
2717,Health,886.19,"Wright, Garcia and Deleon",3.1
2718,Toys,225.79,Manning Group,1.8
2719,Health,716.07,White-Estes,1.7
2720,Beauty,882.16,Dickson-Brady,4.7
2721,Food,732.66,Chandler-Edwards,2.3
2722,Automotive,698.79,Smith-Frost,2.5
2723,Toys,753.88,Gonzalez Group,4.0
2724,Toys,467.73,Chambers and Sons,2.4
2725,Electronics,874.8,Scott Ltd,4.8
2726,Books,207.42,"Wright, Garcia and Deleon",4.0
2727,Clothing,131.75,Spencer-Lee,3.4
2728,Clothing,289.08,Robinson-Brock,4.5
2729,Clothing,533.92,"Lewis, Kennedy and Santana",1.2
2730,Books,513.01,Walker Ltd,2.0
2731,Electronics,821.5,Hernandez Ltd,2.9
2732,Books,407.55,"Shields, Cochran and Adams",1.9
2733,Clothing,486.92,Hernandez Ltd,4.0
2734,Beauty,18.3,"Carroll, Sullivan and Bass",4.7
2735,Home & Kitchen,412.69,Johnson-Doyle,2.7
2736,Food,649.54,"Wright, Garcia and Deleon",2.4
2737,Books,20.43,Johnson-Carlson,4.8
2738,Electronics,284.48,Hernandez Ltd,2.8
2739,Electronics,211.92,"Bentley, Byrd and Orr",3.0
2740,Health,46.78,"Carroll, Sullivan and Bass",2.4
2741,Home & Kitchen,481.86,"Jackson, Miller and Robertson",4.6
2742,Automotive,185.81,"Joyce, Wilson and Lam",3.3
2743,Toys,744.37,"Carroll, Sullivan and Bass",4.0
2744,Clothing,848.69,Johnson-Carlson,4.2
2745,Automotive,547.86,"Carroll, Sullivan and Bass",2.4
2746,Health,981.8,Mitchell-Jordan,2.7
2747,Clothing,453.23,"Hernandez, Anderson and Parker",4.4
2748,Home & Kitchen,515.8,"Rodriguez, Brennan and Garrison",2.5
2749,Health,989.27,"Hernandez, Anderson and Parker",4.2
2750,Clothing,235.39,"Hernandez, Anderson and Parker",4.8
2751,Home & Kitchen,942.83,"Mcdaniel, Bentley and Mclaughlin",3.5
2752,Sports,47.62,"Rivera, Johnson and Wiley",4.0
2753,Automotive,449.15,Mitchell-Jordan,4.2
2754,Automotive,74.65,May-Ross,4.4
2755,Toys,730.59,May-Ross,2.6
2756,Home & Kitchen,610.37,Bryant Group,1.2
2757,Books,708.1,Riggs PLC,2.6
2758,Sports,377.61,"Carroll, Sullivan and Bass",3.7
2759,Beauty,372.63,Stafford Inc,2.8
2760,Clothing,50.09,"Mcdaniel, Bentley and Mclaughlin",4.0
2761,Sports,353.2,Davenport PLC,2.4
2762,Home & Kitchen,929.64,Gonzalez Group,3.5
2763,Food,382.33,"Joyce, Wilson and Lam",1.7
2764,Clothing,832.21,"Wright, Garcia and Deleon",4.0
2765,Electronics,843.11,Johnson-Doyle,3.2
2766,Automotive,376.37,"Mccall, Hanson and Alvarado",1.8
2767,Home & Kitchen,633.83,"Schmidt, Hansen and Stewart",2.2
2768,Electronics,99.89,Manning Group,4.0
2769,Toys,108.16,Torres-Pope,2.9
2770,Health,53.41,"Carroll, Sullivan and Bass",1.9
2771,Beauty,583.11,"Rivera, Johnson and Wiley",4.9
2772,Beauty,428.94,"Lawson, Morris and Ramos",3.9
2773,Electronics,550.29,Gonzalez Group,4.8
2774,Automotive,523.47,"Parker, Ortiz and Powell",2.7
2775,Toys,353.45,Mitchell-Jordan,2.9
2776,Food,679.09,Davenport PLC,4.6
2777,Automotive,759.71,"Schmidt, Hansen and Stewart",3.1
2778,Sports,19.56,"Parker, Ortiz and Powell",3.8
2779,Beauty,211.21,Hernandez Ltd,2.0
2780,Sports,714.67,Johnson-Doyle,2.8
2781,Clothing,389.69,"Hernandez, Anderson and Parker",1.5
2782,Books,664.17,Hernandez Ltd,1.8
2783,Home & Kitchen,350.23,"Mcdaniel, Bentley and Mclaughlin",1.0
2784,Toys,393.8,"Wright, Garcia and Deleon",1.2
2785,Automotive,162.89,Robinson-Brock,4.9
2786,Beauty,261.94,Johnson-Carlson,2.0
2787,Sports,607.38,"Mccall, Hanson and Alvarado",3.7
2788,Health,436.0,Gonzalez Group,4.4
2789,Clothing,775.43,Gibson Ltd,3.2
2790,Home & Kitchen,853.32,Manning Group,1.6
2791,Home & Kitchen,543.94,Stafford Inc,3.9
2792,Automotive,759.48,Gonzalez Group,3.4
2793,Toys,310.37,"Holmes, Williams and Wright",3.9
2794,Food,417.9,Nolan and Sons,4.1
2795,Health,714.21,Torres-Pope,4.9
2796,Automotive,389.28,Nolan and Sons,3.3
2797,Sports,590.56,Hernandez Ltd,2.4
2798,Books,189.45,Cortez LLC,3.6
2799,Electronics,601.77,"Simmons, Meadows and Griffin",1.3
2800,Food,862.21,"Hernandez, Anderson and Parker",4.6
2801,Toys,869.3,"Simmons, Meadows and Griffin",1.5
2802,Clothing,725.72,May-Ross,2.3
2803,Food,747.02,"Hernandez, Anderson and Parker",4.3
2804,Beauty,560.14,"Bentley, Byrd and Orr",3.4
2805,Toys,586.74,Chandler-Edwards,2.6
2806,Books,137.98,Hernandez Inc,2.9
2807,Beauty,446.64,"Parker, Ortiz and Powell",4.4
2808,Food,453.52,Diaz Inc,2.4
2809,Electronics,958.71,Mitchell-Jordan,4.5
2810,Electronics,433.93,"Rodriguez, Brennan and Garrison",1.4
2811,Books,551.6,Hernandez Ltd,4.1
2812,Home & Kitchen,535.59,Gibson Ltd,4.4
2813,Health,638.58,"Lawson, Morris and Ramos",1.7
2814,Clothing,749.49,Walker Ltd,2.7
2815,Home & Kitchen,228.92,"Lee, Horton and Snyder",1.7
2816,Electronics,531.08,Hernandez Ltd,3.8
2817,Electronics,826.79,"Schmidt, Hansen and Stewart",3.1
2818,Sports,465.8,Chambers and Sons,3.5
2819,Beauty,282.07,May-Ross,1.8
2820,Food,656.44,"Holmes, Williams and Wright",1.8
2821,Clothing,824.65,Scott Ltd,1.2
2822,Books,67.82,Chandler-Edwards,2.3
2823,Food,777.91,Manning Group,3.2
2824,Sports,822.54,Stafford Inc,4.4
2825,Electronics,464.22,Cortez LLC,3.7
2826,Books,983.39,"Lee, Horton and Snyder",2.7
2827,Electronics,787.77,May-Ross,4.8
2828,Clothing,774.79,"Lewis, Kennedy and Santana",3.9
2829,Beauty,749.1,Mitchell-Jordan,4.7
2830,Food,154.86,"Mccall, Hanson and Alvarado",3.1
2831,Food,221.14,Diaz Inc,2.0
2832,Home & Kitchen,466.67,"Hernandez, Anderson and Parker",1.2
2833,Books,267.68,Torres-Pope,3.9
2834,Health,418.16,Gibson Ltd,1.5
2835,Sports,889.02,"Shields, Cochran and Adams",2.2
2836,Health,825.21,Torres-Pope,3.1
2837,Home & Kitchen,631.89,"Mccall, Hanson and Alvarado",3.3
2838,Clothing,858.83,"Shields, Cochran and Adams",3.4
2839,Sports,784.85,"Rodriguez, Brennan and Garrison",1.7
2840,Beauty,431.84,Mitchell-Jordan,2.5
2841,Health,205.06,"Lewis, Kennedy and Santana",3.5
2842,Beauty,516.63,Salazar-Ball,4.9
2843,Health,737.55,Chandler-Edwards,3.9
2844,Beauty,439.24,Riggs PLC,4.7
2845,Health,668.44,"Hernandez, Anderson and Parker",4.0
2846,Beauty,98.86,Davenport PLC,3.4
2847,Home & Kitchen,749.26,"Harvey, Davis and Crane",1.8
2848,Toys,813.65,"Mcdaniel, Bentley and Mclaughlin",3.7
2849,Sports,708.3,Cortez LLC,3.5
2850,Books,967.43,"Hernandez, Anderson and Parker",3.4
2851,Clothing,827.52,"Carroll, Sullivan and Bass",3.0
2852,Automotive,903.58,Ross LLC,3.1
2853,Electronics,933.9,"Hernandez, Anderson and Parker",2.3
2854,Books,802.34,Spencer-Lee,3.1
2855,Electronics,675.89,Rasmussen LLC,1.8
2856,Sports,10.69,Torres-Pope,4.2
2857,Books,468.5,Chambers and Sons,1.7
2858,Beauty,573.31,"Parker, Ortiz and Powell",1.3
2859,Beauty,307.51,Chandler-Edwards,2.7
2860,Automotive,321.51,Riggs PLC,3.6
2861,Electronics,961.35,"Mcdaniel, Bentley and Mclaughlin",2.8
2862,Clothing,892.25,"Joyce, Wilson and Lam",2.1
2863,Sports,849.93,"Rodriguez, Brennan and Garrison",3.2
2864,Beauty,408.98,Bryant Group,2.4
2865,Toys,18.63,Ross LLC,4.7
2866,Home & Kitchen,84.82,Chambers and Sons,4.7
2867,Home & Kitchen,315.64,White-Estes,3.0
2868,Health,20.66,"Mcdaniel, Bentley and Mclaughlin",2.3
2869,Clothing,22.06,Ross LLC,3.9
2870,Home & Kitchen,917.02,"Lewis, Kennedy and Santana",1.1
2871,Health,707.63,Torres-Pope,2.9
2872,Electronics,312.41,Scott Ltd,2.3
2873,Beauty,136.98,Hancock and Sons,4.7
2874,Beauty,514.08,"Harvey, Davis and Crane",1.0
2875,Toys,10.32,"Holmes, Williams and Wright",3.2
2876,Books,938.72,"Harvey, Davis and Crane",4.0
2877,Home & Kitchen,417.74,Scott Ltd,2.9
2878,Electronics,405.32,Ross LLC,1.3
2879,Food,393.64,May-Ross,4.9
2880,Home & Kitchen,73.98,"Harvey, Davis and Crane",3.1
2881,Clothing,640.13,Diaz Inc,3.5
2882,Books,734.34,Mitchell-Jordan,1.9
2883,Home & Kitchen,677.74,"Lawson, Morris and Ramos",2.9
2884,Electronics,142.74,"Holmes, Williams and Wright",2.7
2885,Home & Kitchen,580.95,"Harvey, Davis and Crane",1.3
2886,Clothing,571.64,Chandler-Edwards,1.4
2887,Food,869.07,White-Estes,4.3
2888,Sports,382.23,Hernandez Inc,2.0
2889,Automotive,374.63,Nolan and Sons,1.8
2890,Food,620.43,Smith-Frost,3.0
2891,Health,634.91,Mitchell-Jordan,4.1
2892,Home & Kitchen,471.94,"Holmes, Williams and Wright",1.2
2893,Beauty,445.84,May-Ross,3.3
2894,Toys,496.68,Dickson-Brady,1.5
2895,Beauty,861.74,"Wright, Garcia and Deleon",1.1
2896,Food,463.86,"Joyce, Wilson and Lam",1.2
2897,Beauty,940.23,Gibson Ltd,4.3
2898,Electronics,506.48,Ross LLC,1.5
2899,Beauty,949.45,Riggs PLC,1.2
2900,Books,833.67,"Carroll, Sullivan and Bass",2.8
2901,Sports,365.62,Ross LLC,4.4
2902,Home & Kitchen,864.32,Hancock and Sons,2.0
2903,Beauty,114.51,Torres-Pope,2.7
2904,Clothing,925.42,May-Ross,1.2
2905,Sports,633.49,"Rivera, Johnson and Wiley",2.8
2906,Sports,59.12,"Holmes, Williams and Wright",3.3
2907,Beauty,646.04,Smith-Frost,3.3
2908,Sports,974.38,Ross LLC,2.3
2909,Toys,74.45,Johnson-Doyle,2.3
2910,Beauty,556.91,Bryant Group,1.4
2911,Electronics,749.06,Mitchell-Jordan,2.5
2912,Food,811.21,Rasmussen LLC,1.4
2913,Books,416.76,Robinson-Brock,4.1
2914,Automotive,208.15,"Rivera, Johnson and Wiley",4.9
2915,Health,47.13,"Lee, Horton and Snyder",4.9
2916,Sports,581.83,"Schmidt, Hansen and Stewart",4.5
2917,Electronics,455.65,Robinson-Brock,3.4
2918,Home & Kitchen,949.0,"Lewis, Kennedy and Santana",3.8
2919,Home & Kitchen,65.3,Dickson-Brady,2.1
2920,Health,686.97,"Holmes, Williams and Wright",3.5
2921,Books,29.84,Cortez LLC,2.8
2922,Sports,175.58,Smith-Frost,2.9
2923,Toys,456.31,Gibson Ltd,4.0
2924,Health,457.6,Ross LLC,2.1
2925,Books,687.27,Rasmussen LLC,2.3
2926,Sports,910.66,Stafford Inc,4.7
2927,Electronics,640.84,"Lawson, Morris and Ramos",1.2
2928,Food,953.77,"Carroll, Sullivan and Bass",2.9
2929,Toys,882.21,"Jackson, Miller and Robertson",4.7
2930,Automotive,586.58,"Rivera, Johnson and Wiley",3.4
2931,Home & Kitchen,834.62,"Parker, Ortiz and Powell",3.2
2932,Clothing,644.36,Johnson-Carlson,2.0
2933,Electronics,83.17,Bryant Group,2.4
2934,Home & Kitchen,741.86,Smith-Frost,4.4
2935,Beauty,99.43,Mitchell-Jordan,3.2
2936,Clothing,596.11,Gibson Ltd,3.1
2937,Home & Kitchen,704.13,Walker Ltd,1.4
2938,Books,71.19,Chandler-Edwards,1.1
2939,Toys,234.64,"Jackson, Miller and Robertson",4.9
2940,Home & Kitchen,916.09,Dickson-Brady,2.5
2941,Automotive,618.23,"Shields, Cochran and Adams",3.4
2942,Food,250.05,Spencer-Lee,1.3
2943,Books,692.23,Hancock and Sons,3.7
2944,Electronics,598.79,Diaz Inc,4.7
2945,Electronics,504.07,"Carroll, Sullivan and Bass",3.3
2946,Electronics,976.31,Scott Ltd,1.5
2947,Electronics,685.04,"Hernandez, Anderson and Parker",3.3
2948,Food,378.56,"Holmes, Williams and Wright",4.1
2949,Home & Kitchen,801.07,Dickson-Brady,2.6
2950,Sports,885.16,Cortez LLC,4.5
2951,Home & Kitchen,129.59,Diaz Inc,3.6
2952,Beauty,204.55,Patton-Jenkins,4.6
2953,Toys,220.15,Davenport PLC,3.5
2954,Clothing,692.76,Chandler-Edwards,1.5
2955,Sports,605.02,Robinson-Brock,2.2
2956,Sports,620.9,Smith-Frost,1.8
2957,Home & Kitchen,941.07,Mitchell-Jordan,4.6
2958,Sports,777.03,Gonzalez Group,4.0
2959,Health,132.3,Riggs PLC,3.7
2960,Health,350.77,"Schmidt, Hansen and Stewart",2.2
2961,Beauty,438.22,"Mcdaniel, Bentley and Mclaughlin",1.7
2962,Clothing,398.98,Gonzalez Group,4.0
2963,Automotive,670.96,Spencer-Lee,2.9
2964,Food,892.43,"Mccall, Hanson and Alvarado",1.9
2965,Home & Kitchen,309.52,May-Ross,3.5
2966,Food,554.12,"Jackson, Miller and Robertson",1.2
2967,Automotive,790.46,Chandler-Edwards,2.3
2968,Home & Kitchen,419.14,Bryant Group,2.9
2969,Home & Kitchen,172.28,Nolan and Sons,1.6
2970,Clothing,477.58,Davenport PLC,4.9
2971,Food,59.95,"Schmidt, Hansen and Stewart",1.8
2972,Health,942.67,Davenport PLC,1.5
2973,Electronics,79.45,"Rivera, Johnson and Wiley",1.8
2974,Food,441.26,"Hernandez, Anderson and Parker",4.1
2975,Toys,532.23,Spencer-Lee,2.7
2976,Toys,985.38,Chandler-Edwards,3.3
2977,Home & Kitchen,170.19,Hancock and Sons,1.1
2978,Electronics,118.86,Patton-Jenkins,1.1
2979,Books,13.66,Spencer-Lee,2.8
2980,Automotive,159.79,Salazar-Ball,4.3
2981,Beauty,211.24,"Lawson, Morris and Ramos",4.5
2982,Electronics,632.43,Nolan and Sons,1.3
2983,Beauty,223.61,"Jackson, Miller and Robertson",3.2
2984,Food,25.42,Dickson-Brady,4.7
2985,Food,827.49,Cortez LLC,2.6
2986,Beauty,368.77,Robinson-Brock,4.3
2987,Automotive,356.93,Torres-Pope,1.5
2988,Electronics,305.97,Chandler-Edwards,4.7
2989,Books,975.5,"Holmes, Williams and Wright",4.0
2990,Home & Kitchen,174.26,Chandler-Edwards,4.8
2991,Clothing,898.75,"Shields, Cochran and Adams",3.7
2992,Food,777.92,Riggs PLC,2.5
2993,Toys,81.1,"Wright, Garcia and Deleon",4.8
2994,Automotive,986.8,Johnson-Carlson,2.1
2995,Clothing,275.01,Hernandez Inc,2.3
2996,Books,103.09,Cortez LLC,3.8
2997,Sports,830.17,"Holmes, Williams and Wright",4.1
2998,Home & Kitchen,708.14,Stafford Inc,4.7
2999,Food,619.13,Walker Ltd,1.8
3000,Home & Kitchen,160.2,Walker Ltd,4.2
