user_id,age,gender,location,join_date
1001,56,M,South Dianeshire,2023-01-16
1002,69,M,New Stephanie,2023-12-12
1003,46,M,East Donna,2024-03-18
1004,32,F,North Cynthiaview,2022-07-10
1005,60,M,East Jamesside,2024-01-10
1006,25,M,West Juan,2023-02-23
1007,38,M,Leeville,2022-05-30
1008,56,F,North Sarabury,2023-01-05
1009,36,F,New David,2023-11-01
1010,40,M,New Stephanie,2022-05-25
1011,28,M,Evanmouth,2022-09-13
1012,28,M,New Stephanie,2024-05-15
1013,41,M,Lake Lisaport,2021-12-07
1014,53,F,North Susan,2022-02-22
1015,57,F,Tashatown,2022-11-03
1016,41,F,Robinsonshire,2022-02-24
1017,20,F,Davidstad,2022-05-02
1018,39,M,Jacquelineland,2022-12-08
1019,19,M,New Brooke,2022-09-07
1020,41,M,New Stephanie,2023-02-02
1021,61,F,East Josephville,2021-11-17
1022,47,M,North Matthewberg,2024-03-10
1023,55,F,Gomezchester,2022-11-10
1024,19,F,Gomezchester,2024-01-01
1025,38,M,Lake Larry,2024-07-12
1026,50,M,New Mariotown,2021-10-01
1027,29,M,New Kellystad,2024-05-02
1028,39,F,East Donna,2023-06-02
1029,61,M,East Mikeburgh,2023-02-14
1030,42,F,Lake Crystalbury,2024-07-09
1031,66,M,West Natashaport,2022-08-03
1032,44,F,Lake Rebeccaside,2022-11-11
1033,59,F,Taylorburgh,2024-05-14
1034,45,M,West Donald,2024-03-13
1035,33,F,Port Colleenhaven,2023-04-22
1036,32,F,Shieldston,2023-11-24
1037,64,M,Lisatown,2024-02-03
1038,68,F,Lake Debra,2024-05-21
1039,61,M,East Donna,2023-02-27
1040,69,F,Leeville,2022-07-06
1041,20,M,East Courtneychester,2023-02-24
1042,54,M,East Lydiamouth,2022-11-10
1043,68,F,West Natashaport,2023-09-13
1044,24,F,North Noahstad,2024-02-01
1045,38,F,South Patrickmouth,2023-11-12
1046,26,F,Lake Crystalbury,2024-03-19
1047,56,F,Daviston,2024-06-13
1048,35,M,East Nathaniel,2024-08-19
1049,21,F,East Courtneychester,2023-04-18
1050,42,M,Sarahborough,2024-05-30
1051,31,M,Lake Rebeccaside,2023-06-20
1052,67,F,East Jill,2023-09-06
1053,26,M,Port Jacobland,2021-12-11
1054,43,M,North Susan,2022-12-23
1055,19,M,West Juan,2024-04-17
1056,37,M,Herrerafurt,2022-03-28
1057,45,F,East Nathaniel,2022-06-22
1058,64,M,North Deniseside,2022-09-03
1059,24,F,North Cynthiaview,2023-01-21
1060,61,F,New Kellystad,2022-09-14
1061,25,M,West Allison,2024-05-01
1062,64,F,West Donald,2022-07-11
1063,52,F,Ramirezstad,2024-07-18
1064,31,F,Williamview,2022-12-16
1065,34,M,Evanmouth,2024-03-13
1066,53,F,Shieldston,2023-02-07
1067,67,F,Stevenland,2023-12-09
1068,57,F,Davidstad,2021-11-06
1069,21,M,Danielchester,2024-07-19
1070,19,F,East Nicholasfurt,2022-05-13
1071,23,M,Johnfurt,2021-11-24
1072,59,M,Daviston,2024-07-25
1073,21,M,Saramouth,2021-10-24
1074,46,M,North Beth,2021-10-14
1075,35,M,North Cynthiaview,2022-06-08
1076,43,M,Evanmouth,2024-03-17
1077,61,F,Taylorburgh,2023-07-22
1078,51,M,Juliechester,2022-05-29
1079,27,F,Shieldston,2023-02-11
1080,53,F,South David,2022-01-13
1081,31,M,Lake Matthew,2024-07-14
1082,48,F,Teresaburgh,2023-02-01
1083,65,F,West Juan,2022-06-17
1084,32,F,Lake Mark,2022-10-19
1085,25,F,South Todd,2023-07-06
1086,31,M,New Jessica,2024-08-01
1087,40,F,North Cynthiaview,2023-11-06
1088,57,M,Lake Rebeccaside,2024-01-10
1089,38,F,South Todd,2022-03-08
1090,33,F,Lake Lisaport,2022-08-16
1091,62,M,Stevenland,2023-06-06
1092,35,F,Ramirezstad,2024-06-24
1093,64,F,Herrerafurt,2023-06-03
1094,41,F,Lake Mark,2024-06-01
1095,43,M,Ramirezstad,2022-10-26
1096,42,F,North Noahstad,2024-07-07
1097,62,M,Mortonside,2022-04-15
1098,58,F,Lake Mark,2023-06-20
1099,46,M,Bassport,2024-03-08
1100,32,M,Sarahborough,2022-06-03
1101,62,F,Martinezbury,2023-10-14
1102,18,F,Lake Chad,2022-08-06
1103,42,M,Stevenland,2023-09-29
1104,24,M,Brandtside,2024-02-09
1105,26,F,Coxberg,2024-01-30
1106,41,M,Shawhaven,2023-05-23
1107,18,F,South Aaron,2021-10-25
1108,61,F,Hoffmanville,2023-04-16
1109,25,F,New Jeffrey,2023-09-05
1110,41,F,Shawhaven,2021-11-24
1111,28,M,Lisatown,2023-08-20
1112,68,F,Coxberg,2021-09-23
1113,34,M,Cassandraton,2022-12-14
1114,25,F,Tashatown,2023-03-01
1115,52,M,Robinsonshire,2022-12-29
1116,52,F,South David,2022-10-11
1117,50,M,South Patrickmouth,2024-05-14
1118,22,M,West Andrewside,2023-01-26
1119,59,F,Lake Leeton,2022-02-24
1120,56,F,Leeville,2022-03-22
1121,58,F,North Amandahaven,2023-04-04
1122,45,F,Wilkersonmouth,2023-08-23
1123,24,M,Evanmouth,2023-07-17
1124,26,F,West Allison,2024-06-13
1125,25,M,Evanmouth,2024-01-07
1126,29,M,Coxberg,2023-02-01
1127,51,F,East Jessetown,2024-03-03
1128,50,M,South Dianeshire,2023-06-21
1129,65,M,Hoffmanville,2022-08-29
1130,40,M,New Kellystad,2022-06-06
1131,41,M,East Nathaniel,2024-06-30
1132,54,F,Port Keith,2022-07-12
1133,52,F,Coxberg,2023-01-17
1134,61,F,Coxberg,2023-12-11
1135,57,F,Lake Leeton,2023-05-27
1136,39,M,South Patrickmouth,2023-09-12
1137,44,M,East Jill,2022-09-13
1138,52,F,Brandtside,2023-03-05
1139,18,F,Port Jacobland,2022-09-01
1140,52,F,Lake Debbie,2023-02-26
1141,54,M,Lake Mark,2022-10-03
1142,64,F,Lake Leeton,2022-06-20
1143,31,F,West Donald,2022-07-13
1144,20,F,North Sarabury,2023-06-25
1145,18,M,South Dianeshire,2024-05-01
1146,22,M,New David,2023-05-12
1147,43,M,East Josephville,2023-03-30
1148,31,M,West Juan,2022-04-07
1149,56,M,South Noah,2022-06-01
1150,44,M,Brandtside,2022-11-29
1151,26,M,New Brooke,2023-05-11
1152,32,M,Gomezchester,2022-05-31
1153,32,F,Lake Debbie,2023-02-13
1154,43,F,Robinsonshire,2023-10-30
1155,59,M,Jacquelineland,2023-01-14
1156,30,M,Sanchezfort,2021-09-28
1157,68,F,Port Richard,2022-07-29
1158,49,M,New Roberttown,2022-11-27
1159,56,M,North Judithbury,2022-06-03
1160,66,M,Leeville,2023-09-07
1161,69,F,Port Colleenhaven,2022-10-19
1162,49,F,Port Keith,2023-05-09
1163,21,F,Lake Nicoleview,2022-09-21
1164,47,F,North Richardmouth,2024-09-06
1165,54,F,Danielchester,2023-05-06
1166,40,M,Stevenland,2022-09-30
1167,56,F,Jasonfort,2023-01-20
1168,62,M,Adamsborough,2022-08-12
1169,32,M,Herrerafurt,2022-05-20
1170,60,F,West Michael,2023-11-09
1171,46,F,Port Keith,2022-08-21
1172,53,M,New Brooke,2023-12-03
1173,30,M,West Donald,2024-07-18
1174,49,M,Rodneyside,2023-10-06
1175,24,F,Shieldston,2022-04-07
1176,68,F,West Allison,2023-11-28
1177,39,F,East Mikeburgh,2022-07-10
1178,45,F,Ramirezstad,2023-06-18
1179,19,F,West Juan,2023-12-22
1180,59,M,Lake Crystalbury,2023-06-26
1181,62,F,Lake Roberto,2024-08-19
1182,23,M,South David,2024-03-10
1183,45,M,West Donald,2022-07-31
1184,45,M,West Allison,2022-10-10
1185,61,F,Martinezbury,2022-08-07
1186,61,F,Saramouth,2023-10-25
1187,37,F,New Roberttown,2022-01-26
1188,47,M,West Juan,2021-10-29
1189,28,M,Stevenland,2021-11-08
1190,45,M,North Jessicaland,2022-07-27
1191,42,M,Lake Crystalbury,2024-07-10
1192,56,M,Adamsborough,2023-08-10
1193,50,M,Shieldston,2023-12-14
1194,18,F,New Roberttown,2021-12-31
1195,44,F,New Jessica,2021-09-23
1196,69,F,West Allison,2022-07-18
1197,30,F,Port Keith,2023-02-16
1198,58,M,Jasonfort,2022-09-18
1199,20,M,Lake Matthew,2024-08-03
1200,56,F,Port Jacobland,2022-06-13
1201,23,M,Saramouth,2024-04-11
1202,25,F,Ramirezstad,2022-01-13
1203,44,F,Lake Debbie,2021-11-20
1204,26,F,Lake Rebeccaside,2023-03-02
1205,54,M,Ericmouth,2023-06-04
1206,50,F,Port Colleenhaven,2023-10-02
1207,68,F,Lake Larry,2022-02-23
1208,59,F,Shieldston,2024-02-16
1209,61,M,Taylorburgh,2024-07-16
1210,41,M,South Christineshire,2021-12-12
1211,32,F,East Jill,2022-06-09
1212,49,M,Davidstad,2023-05-14
1213,49,M,Rodneyside,2022-12-10
1214,41,M,Cassandraton,2023-06-25
1215,58,M,Stevenland,2023-07-19
1216,69,M,North Susan,2024-01-08
1217,66,M,South Dianeshire,2022-10-31
1218,66,M,Rodneyside,2024-06-01
1219,69,M,South Noah,2022-08-01
1220,29,M,West Michael,2023-06-17
1221,56,M,Lake Matthew,2022-12-23
1222,19,F,Stevenland,2023-05-26
1223,20,F,Sarahborough,2021-11-15
1224,66,M,Williamview,2024-07-28
1225,54,F,Port Colleenhaven,2021-12-27
1226,66,F,South Patrickmouth,2023-12-24
1227,34,M,Cassandraton,2023-07-27
1228,66,M,East Donna,2022-06-27
1229,19,M,East Mikeburgh,2021-12-07
1230,19,F,Tashatown,2022-05-30
1231,45,F,New Mariotown,2023-05-07
1232,40,M,Lake Roberto,2022-02-28
1233,54,M,Cassandraton,2022-12-01
1234,49,M,South Christineshire,2023-10-05
1235,50,F,West Andrewside,2023-02-07
1236,18,F,Davidstad,2021-10-15
1237,36,F,New Mariotown,2022-07-22
1238,19,F,Ramirezstad,2022-07-16
1239,61,M,Shawhaven,2024-04-09
1240,43,M,West Allison,2021-11-27
1241,49,M,South Patrickmouth,2022-05-23
1242,23,M,South David,2022-06-26
1243,49,F,New Brooke,2024-01-25
1244,21,F,North Micheleland,2023-06-18
1245,28,M,South Christineshire,2024-02-08
1246,34,M,East Josephville,2022-04-14
1247,55,F,New Jessica,2022-01-13
1248,41,M,Tashatown,2022-05-14
1249,22,F,North Beth,2022-02-20
1250,69,M,New Stephanie,2022-06-28
1251,51,M,South Patrickmouth,2022-02-12
1252,23,M,North Matthewberg,2021-11-14
1253,39,M,East Jill,2024-01-26
1254,28,M,North Matthewberg,2023-06-24
1255,65,M,Tashatown,2024-03-01
1256,33,M,North Susan,2024-06-15
1257,50,F,Daviston,2023-01-04
1258,26,F,Tashatown,2023-02-05
1259,23,F,North Susan,2022-08-09
1260,33,F,Wilkersonmouth,2022-11-25
1261,46,F,Lake Mark,2022-07-05
1262,20,M,North Deniseside,2023-04-24
1263,37,M,Port Colleenhaven,2023-01-02
1264,53,F,Bassport,2023-06-27
1265,36,M,West Allison,2024-05-11
1266,43,F,Port Keith,2023-11-24
1267,20,F,Evanmouth,2023-07-03
1268,36,M,North Jessicaland,2021-10-08
1269,37,M,Samuelhaven,2022-05-18
1270,49,M,Lake Leeton,2023-09-19
1271,24,F,North Richardmouth,2024-04-10
1272,69,M,North Sarabury,2023-06-15
1273,58,F,Robinsonshire,2021-10-02
1274,50,F,Ericmouth,2023-12-27
1275,57,F,Robinsonshire,2024-02-27
1276,56,M,Mooreport,2023-06-03
1277,35,M,Williamview,2023-12-25
1278,57,F,South Patrickmouth,2022-03-21
1279,18,M,New Mariotown,2023-04-01
1280,28,M,Shawhaven,2023-01-07
1281,45,M,Lake Roberto,2022-07-11
1282,42,F,Rodneyside,2024-09-06
1283,67,F,Martinezbury,2022-12-31
1284,40,M,East Josephville,2024-02-19
1285,48,F,East Jamesside,2024-08-07
1286,47,M,Lake Debbie,2023-02-07
1287,59,M,East Jamesside,2022-12-01
1288,52,M,Lisatown,2022-08-27
1289,24,M,Lake Leeton,2022-01-02
1290,33,F,Lake Debbie,2022-03-05
1291,43,F,New Brooke,2022-12-05
1292,65,F,East Jessetown,2023-03-07
1293,69,M,Robinsonshire,2023-09-06
1294,66,M,Leeville,2022-11-22
1295,19,M,Lake Mark,2023-12-22
1296,18,F,Wilkersonmouth,2021-10-20
1297,65,M,New Roberttown,2021-12-15
1298,29,F,New Mariotown,2022-06-13
1299,22,F,Shieldston,2022-01-15
1300,54,F,Lake Chad,2024-01-04
1301,49,F,Lake Leeton,2024-04-14
1302,26,F,Sarahborough,2024-03-02
1303,58,F,Herrerafurt,2021-09-11
1304,52,M,North Amandahaven,2024-04-19
1305,36,M,Herrerafurt,2023-01-29
1306,65,F,New Kellystad,2021-11-08
1307,33,F,Jasonfort,2023-04-01
1308,20,M,East Donna,2023-07-24
1309,37,F,Jacquelineland,2023-03-10
1310,41,F,West Elizabeth,2023-01-07
1311,50,M,Lake Rebeccaside,2021-11-05
1312,41,F,East Donna,2022-06-29
1313,69,F,Lake Roberto,2022-01-31
1314,28,F,West Juan,2022-07-22
1315,66,M,Lake Crystalbury,2024-05-02
1316,25,M,West Elizabeth,2023-02-23
1317,53,M,South Patrickmouth,2021-10-11
1318,55,F,West Andrewside,2023-08-01
1319,57,F,North Jessicaland,2024-02-03
1320,37,M,Sarahborough,2023-10-27
1321,52,F,East Nicholasfurt,2022-08-16
1322,65,F,West Michael,2021-09-24
1323,42,F,Johnfurt,2022-12-01
1324,52,F,Lake Mark,2022-05-14
1325,42,F,Teresaburgh,2024-03-20
1326,46,M,North Cynthiaview,2022-01-12
1327,35,F,New David,2024-07-13
1328,63,M,Gomezchester,2023-08-20
1329,35,F,New Roberttown,2022-02-25
1330,19,M,Juliechester,2024-06-28
1331,52,F,North Beth,2022-07-26
1332,33,M,Danielchester,2023-10-23
1333,58,F,North Richardmouth,2022-12-09
1334,53,M,West Juan,2023-02-20
1335,50,F,North Micheleland,2023-02-09
1336,21,M,Taylorburgh,2023-01-23
1337,50,F,South David,2022-02-15
1338,31,M,North Matthewberg,2022-04-06
1339,38,M,Lisatown,2023-06-28
1340,65,F,Shawhaven,2023-12-06
1341,37,F,Samuelhaven,2022-02-06
1342,25,M,Lake Matthew,2021-11-25
1343,24,F,Stewartland,2024-01-04
1344,20,M,East Courtneychester,2024-04-03
1345,34,M,Leeville,2022-09-17
1346,50,M,North Richardmouth,2024-01-21
1347,65,F,Adamsborough,2022-06-29
1348,29,M,New Jessica,2021-09-12
1349,68,M,Teresaburgh,2023-11-14
1350,39,F,East Jessetown,2024-03-15
1351,39,F,East Josephville,2023-06-07
1352,63,F,New Jessica,2023-09-03
1353,47,F,Shieldston,2024-04-15
1354,55,M,Adamsborough,2023-01-12
1355,55,M,Martinezbury,2023-02-22
1356,62,M,Samuelhaven,2022-09-09
1357,68,M,West Andrewside,2023-12-25
1358,25,F,North Cynthiaview,2022-10-28
1359,44,M,South Aaron,2024-06-28
1360,44,M,Evanmouth,2024-04-20
1361,51,F,Lake Rebeccaside,2024-08-19
1362,38,M,North Deniseside,2022-05-29
1363,47,M,South David,2022-11-03
1364,50,M,Lake Nicoleview,2024-04-05
1365,45,M,South Aaron,2022-12-04
1366,64,M,Robinsonshire,2022-08-24
1367,50,M,East Nathaniel,2023-02-10
1368,22,F,West Natashaport,2024-06-07
1369,65,F,Leeville,2022-11-01
1370,36,M,Herrerafurt,2024-08-28
1371,21,M,New Roberttown,2024-01-26
1372,52,F,West Michael,2023-08-25
1373,66,M,New Stephanie,2022-02-23
1374,34,M,South Noah,2024-08-02
1375,61,M,Port Keith,2022-01-26
1376,45,F,North Matthewberg,2024-08-03
1377,47,M,Hoffmanville,2022-09-08
1378,46,F,Wilkersonmouth,2021-12-28
1379,63,M,Lake Roberto,2024-03-24
1380,23,F,Lake Rebeccaside,2021-12-28
1381,52,F,Lake Matthew,2024-06-03
1382,58,M,North Amandahaven,2021-09-26
1383,54,F,West Natashaport,2022-02-14
1384,41,M,North Jessicaland,2024-04-21
1385,46,F,Lake Chad,2024-08-08
1386,66,M,Port Jacobland,2021-12-01
1387,63,M,East Jill,2024-01-14
1388,48,F,Teresaburgh,2022-06-27
1389,52,M,Port Richard,2023-07-25
1390,50,M,Port Colleenhaven,2022-11-19
1391,69,F,New Mariotown,2021-12-07
1392,38,M,East Jamesside,2022-09-05
1393,49,M,Shieldston,2023-09-19
1394,40,F,Lake Chad,2023-04-17
1395,50,F,East Mikeburgh,2024-07-21
1396,20,M,Lake Debbie,2023-07-28
1397,35,M,East Jill,2024-05-09
1398,42,F,East Nicholasfurt,2023-02-26
1399,59,F,Ramirezstad,2023-04-25
1400,48,M,East Mikeburgh,2023-07-18
1401,20,F,Juliechester,2022-05-25
1402,57,M,North Deniseside,2023-09-30
1403,63,M,Danielchester,2022-07-21
1404,41,M,Lake Debra,2022-05-17
1405,67,M,Mortonside,2021-12-18
1406,49,M,New Stephanie,2024-08-17
1407,64,F,Shawhaven,2023-12-22
1408,39,F,New David,2023-10-21
1409,40,F,South Aaron,2021-12-29
1410,19,F,East Donna,2022-03-11
1411,44,M,East Lydiamouth,2022-08-04
1412,59,M,Brandtside,2021-10-11
1413,19,M,East Courtneychester,2022-08-31
1414,43,M,Cassandraton,2021-11-10
1415,34,F,North Noahstad,2022-10-07
1416,57,M,North Sarabury,2022-12-26
1417,50,M,Lake Chad,2022-06-04
1418,26,F,New Brooke,2022-12-05
1419,60,F,North Beth,2023-09-27
1420,65,F,West Juan,2022-03-26
1421,56,F,North Noahstad,2022-03-20
1422,46,M,Shawhaven,2023-07-10
1423,59,M,Lake Matthew,2022-11-03
1424,43,F,North Judithbury,2023-09-28
1425,52,M,Lake Debra,2023-03-09
1426,67,M,New Jessica,2023-06-11
1427,42,M,Lake Roberto,2022-05-22
1428,41,F,North John,2023-08-10
1429,30,M,Shawhaven,2023-01-26
1430,24,F,North Judithbury,2023-09-10
1431,53,M,Sanchezfort,2024-05-22
1432,62,M,Stevenland,2023-02-01
1433,37,M,Lake Debbie,2022-07-22
1434,18,F,Juliechester,2023-05-02
1435,25,M,Teresaburgh,2021-11-29
1436,63,F,Brandtside,2024-07-11
1437,33,F,Shawhaven,2024-08-27
1438,31,F,Teresaburgh,2022-08-03
1439,29,M,Samuelhaven,2024-07-30
1440,68,M,North Jessicaland,2023-10-06
1441,40,M,New David,2023-01-23
1442,32,M,Juliechester,2022-08-07
1443,45,F,South David,2024-09-09
1444,51,F,Robinsonshire,2024-04-02
1445,19,F,North Richardmouth,2022-01-04
1446,49,M,New Jessica,2022-11-01
1447,40,F,Port Jacobland,2022-10-08
1448,39,M,East Jill,2022-07-31
1449,68,F,Mooreport,2023-10-16
1450,42,M,Teresaburgh,2021-10-04
1451,39,M,New Jessica,2024-03-07
1452,39,F,Wilkersonmouth,2022-11-17
1453,66,F,Coxberg,2021-09-18
1454,69,F,North Judithbury,2024-04-15
1455,59,F,Danielchester,2024-01-11
1456,23,M,East Nicholasfurt,2024-08-12
1457,32,F,Gomezchester,2024-06-04
1458,60,F,Port Richard,2023-12-05
1459,54,F,Tashatown,2024-03-10
1460,50,M,West Andrewside,2024-05-26
1461,25,M,Port Jacobland,2024-01-08
1462,61,F,Herrerafurt,2022-05-20
1463,61,M,New Jessica,2024-02-05
1464,22,F,Lake Crystalbury,2022-05-08
1465,56,M,Davidstad,2022-04-06
1466,21,M,North John,2022-06-11
1467,23,M,Evanmouth,2023-12-17
1468,62,M,East Mikeburgh,2023-12-30
1469,49,F,Martinezbury,2023-09-26
1470,69,F,Coxberg,2022-02-06
1471,47,F,Sanchezfort,2021-12-25
1472,64,M,East Nathaniel,2023-07-29
1473,52,F,Williamview,2021-10-23
1474,57,F,New David,2024-01-22
1475,69,F,North John,2021-10-16
1476,33,M,Martinezbury,2022-10-14
1477,30,M,East Lydiamouth,2022-02-01
1478,67,M,North Jessicaland,2024-06-02
1479,59,F,Port Colleenhaven,2022-09-03
1480,47,F,Lake Debbie,2022-12-09
1481,36,F,East Lydiamouth,2022-04-18
1482,34,M,East Donna,2024-01-20
1483,36,M,New Jeffrey,2024-04-27
1484,45,F,New Brooke,2022-10-15
1485,43,M,Martinezbury,2023-03-13
1486,54,M,Lake Roberto,2022-07-05
1487,43,M,Stewartland,2022-03-09
1488,40,M,North Judithbury,2024-06-07
1489,26,F,Lake Roberto,2024-07-10
1490,29,M,Coxberg,2024-08-05
1491,18,M,North Cynthiaview,2022-07-30
1492,18,M,Lake Debra,2024-04-20
1493,64,M,South Christineshire,2024-02-08
1494,51,F,Brandtside,2023-02-05
1495,49,F,Lake Nicoleview,2021-12-01
1496,65,M,Mortonside,2023-12-15
1497,42,M,West Elizabeth,2022-05-15
1498,57,M,Bassport,2023-09-21
1499,62,M,North John,2023-09-19
1500,18,M,North Beth,2022-11-19
1501,33,M,Daviston,2024-03-24
1502,56,F,Sarahborough,2023-05-13
1503,22,M,Ramirezstad,2021-12-17
1504,39,F,Wilkersonmouth,2022-11-16
1505,46,F,Lake Roberto,2022-06-26
1506,20,M,Brandtside,2022-01-23
1507,29,F,Shawhaven,2022-10-18
1508,43,F,Lake Lisaport,2023-12-09
1509,33,F,Rodneyside,2022-06-24
1510,68,F,East Mikeburgh,2022-11-01
1511,54,F,West Allison,2023-08-10
1512,39,F,South Todd,2022-10-22
1513,46,M,Tashatown,2023-09-19
1514,31,F,North Judithbury,2023-02-08
1515,45,F,Jacquelineland,2023-07-21
1516,22,F,East Courtneychester,2024-07-09
1517,64,M,New Brooke,2022-09-04
1518,66,F,Lake Chad,2023-07-10
1519,47,M,Lake Crystalbury,2023-08-20
1520,63,F,Lake Larry,2023-08-07
1521,69,M,Port Richard,2023-01-31
1522,22,M,Bassport,2023-10-18
1523,29,F,East Jamesside,2023-08-22
1524,33,F,East Josephville,2022-01-15
1525,43,M,North Deniseside,2021-10-29
1526,43,F,Stevenland,2021-10-20
1527,65,M,East Nicholasfurt,2024-09-05
1528,38,M,Taylorburgh,2022-01-15
1529,56,M,Mooreport,2022-05-25
1530,53,M,Tashatown,2023-04-22
1531,50,M,New Mariotown,2022-11-09
1532,47,F,East Mikeburgh,2022-10-21
1533,54,M,Lake Larry,2024-07-16
1534,40,M,New Kellystad,2023-10-13
1535,27,F,Mooreport,2023-04-25
1536,22,M,North Susan,2023-06-15
1537,53,F,East Courtneychester,2023-11-15
1538,51,F,Lake Leeton,2024-05-07
1539,69,F,South Todd,2023-08-28
1540,48,M,Evanmouth,2024-03-11
1541,27,M,East Jessetown,2023-07-16
1542,36,M,Jacquelineland,2024-07-05
1543,49,F,East Nicholasfurt,2022-07-13
1544,18,M,Evanmouth,2023-10-06
1545,22,F,Sarahborough,2022-05-06
1546,62,M,New Kellystad,2023-01-10
1547,21,F,East Lydiamouth,2022-05-26
1548,33,M,Johnfurt,2022-10-12
1549,41,M,Lake Leeton,2024-08-20
1550,33,M,North Judithbury,2022-10-17
1551,19,F,Davidstad,2024-05-25
1552,66,F,North Micheleland,2023-08-17
1553,45,M,Saramouth,2021-11-15
1554,49,M,East Mikeburgh,2022-07-09
1555,44,F,Stewartland,2024-08-06
1556,37,F,Port Keith,2024-07-16
1557,41,F,Mortonside,2024-03-01
1558,29,M,Shawhaven,2021-12-19
1559,67,F,Saramouth,2022-04-30
1560,52,M,Port Keith,2023-08-11
1561,50,F,South Noah,2024-08-09
1562,50,M,Jacquelineland,2021-11-04
1563,68,F,Shieldston,2022-09-10
1564,60,F,West Juan,2024-08-28
1565,54,F,East Mikeburgh,2024-01-20
1566,29,F,Tashatown,2022-04-22
1567,20,F,Samuelhaven,2024-03-07
1568,18,M,North Cynthiaview,2023-05-10
1569,50,F,Danielchester,2023-06-14
1570,57,F,North Jessicaland,2024-02-18
1571,27,F,Bassport,2022-05-23
1572,60,M,Cassandraton,2024-01-06
1573,61,F,Hoffmanville,2024-01-22
1574,46,M,Rodneyside,2023-06-25
1575,30,F,Port Jacobland,2022-07-10
1576,29,F,North Beth,2024-08-23
1577,48,M,North Deniseside,2024-08-27
1578,63,F,West Allison,2023-04-25
1579,19,M,Ericmouth,2024-02-02
1580,68,M,New Roberttown,2022-01-08
1581,67,F,Stewartland,2024-04-16
1582,52,M,Wilkersonmouth,2022-02-01
1583,40,F,Rodneyside,2022-10-07
1584,34,F,Lake Larry,2024-01-22
1585,43,M,North Deniseside,2023-06-17
1586,25,M,East Nicholasfurt,2021-09-27
1587,46,M,Juliechester,2022-06-27
1588,43,M,West Juan,2022-01-26
1589,27,F,Wilkersonmouth,2022-12-15
1590,43,F,Jasonfort,2022-01-12
1591,51,M,Herrerafurt,2021-11-18
1592,68,F,Lake Debra,2023-01-14
1593,58,F,Evanmouth,2022-10-11
1594,24,F,Lake Larry,2023-06-22
1595,21,F,Teresaburgh,2023-01-18
1596,67,M,South David,2022-05-10
1597,62,M,North Jessicaland,2023-07-16
1598,28,F,Lake Rebeccaside,2023-11-16
1599,46,M,Port Keith,2024-06-01
1600,53,M,North John,2023-09-02
1601,42,M,Lake Larry,2022-08-06
1602,38,F,North Amandahaven,2023-08-16
1603,53,F,East Nicholasfurt,2021-10-14
1604,27,F,West Allison,2024-09-08
1605,54,M,North John,2024-03-26
1606,26,F,South Noah,2022-12-21
1607,41,F,East Lydiamouth,2022-01-06
1608,52,M,New Brooke,2023-10-30
1609,66,F,Brandtside,2023-01-09
1610,52,F,Port Keith,2024-05-22
1611,65,M,Jasonfort,2022-08-29
1612,53,M,South Aaron,2022-02-19
1613,35,M,Lake Leeton,2022-01-26
1614,66,F,West Andrewside,2023-07-26
1615,56,F,Port Keith,2023-06-13
1616,49,F,South Todd,2023-10-30
1617,41,M,South Noah,2022-11-01
1618,40,M,New Kellystad,2023-06-26
1619,49,F,South Christineshire,2022-07-30
1620,54,F,Jacquelineland,2023-03-18
1621,29,M,Lake Nicoleview,2022-12-25
1622,66,M,Port Jacobland,2024-01-27
1623,30,M,South Todd,2022-01-13
1624,40,M,New Jeffrey,2023-08-28
1625,42,F,West Donald,2024-04-28
1626,52,M,Coxberg,2023-05-07
1627,58,F,Juliechester,2024-04-15
1628,47,F,Danielchester,2022-12-25
1629,34,F,Lake Roberto,2024-05-10
1630,66,M,Port Jesseville,2022-12-07
1631,37,M,South Aaron,2024-03-04
1632,65,M,Daviston,2022-11-21
1633,42,M,West Michael,2023-11-18
1634,39,F,East Jill,2022-08-18
1635,30,M,Samuelhaven,2022-08-18
1636,36,M,North Susan,2022-06-16
1637,66,F,East Jessetown,2024-07-21
1638,53,M,Bassport,2023-10-02
1639,29,F,East Mikeburgh,2023-02-11
1640,58,F,Lake Matthew,2021-12-18
1641,36,F,Lake Leeton,2021-12-12
1642,29,F,Lisatown,2022-12-27
1643,26,F,Williamview,2023-12-05
1644,24,F,North Beth,2022-10-23
1645,45,F,East Nathaniel,2022-01-30
1646,31,F,New Kellystad,2021-11-14
1647,48,M,East Courtneychester,2024-07-24
1648,69,M,Saramouth,2023-05-18
1649,36,M,Taylorburgh,2023-09-14
1650,64,M,New David,2022-12-04
1651,33,F,West Natashaport,2024-04-24
1652,22,M,North Richardmouth,2024-07-07
1653,52,F,West Natashaport,2022-12-17
1654,29,M,New David,2024-06-09
1655,42,M,South Aaron,2021-11-05
1656,69,M,Lake Debbie,2022-07-22
1657,38,F,South Todd,2022-08-18
1658,53,M,Lisatown,2022-01-01
1659,40,F,North Micheleland,2023-03-20
1660,33,F,North Judithbury,2022-02-26
1661,56,M,North Jessicaland,2023-02-20
1662,62,M,East Donna,2024-03-26
1663,59,M,Brandtside,2022-09-28
1664,56,F,New Kellystad,2023-05-12
1665,31,M,Lake Mark,2022-01-13
1666,48,F,South Noah,2022-07-12
1667,22,F,South Christineshire,2022-05-15
1668,52,M,East Josephville,2022-12-24
1669,40,M,Ericmouth,2023-05-17
1670,46,F,Wilkersonmouth,2023-12-30
1671,60,F,Ericmouth,2023-07-23
1672,28,F,Port Keith,2023-09-19
1673,35,M,North Noahstad,2023-05-13
1674,64,F,Davidstad,2023-07-09
1675,29,M,West Natashaport,2023-08-31
1676,26,F,Rodneyside,2023-10-10
1677,27,F,Adamsborough,2021-10-11
1678,61,M,New Brooke,2022-07-06
1679,34,F,Samuelhaven,2023-12-24
1680,55,M,Wilkersonmouth,2024-06-16
1681,24,M,Lake Lisaport,2022-09-29
1682,63,F,Teresaburgh,2022-03-27
1683,30,M,South Todd,2022-02-14
1684,57,M,Martinezbury,2023-08-31
1685,59,F,Adamsborough,2021-11-25
1686,26,M,Jacquelineland,2023-12-01
1687,67,M,Lake Rebeccaside,2024-08-10
1688,44,M,Shieldston,2021-12-19
1689,19,F,East Nathaniel,2023-04-14
1690,22,M,North Beth,2022-10-27
1691,46,F,East Mikeburgh,2023-01-20
1692,54,F,West Michael,2022-03-01
1693,55,M,Jacquelineland,2022-08-17
1694,36,M,South Aaron,2022-08-31
1695,25,M,North Beth,2024-07-07
1696,65,F,North Matthewberg,2023-06-25
1697,62,M,West Elizabeth,2024-05-05
1698,18,M,Port Richard,2022-02-27
1699,39,M,Brandtside,2023-12-15
1700,69,M,Samuelhaven,2021-11-03
1701,34,M,Hoffmanville,2021-12-08
1702,24,F,Evanmouth,2023-01-08
1703,42,F,Tashatown,2022-12-18
1704,62,M,South Noah,2023-07-07
1705,21,M,South Dianeshire,2022-12-07
1706,53,M,Lake Mark,2022-05-04
1707,23,M,Lake Larry,2023-03-25
1708,48,F,Teresaburgh,2022-09-23
1709,36,M,Port Keith,2022-01-09
1710,61,F,Danielchester,2023-09-23
1711,56,F,East Josephville,2023-06-22
1712,44,M,Saramouth,2023-04-10
1713,27,F,South Patrickmouth,2022-08-14
1714,43,F,Cassandraton,2022-05-09
1715,36,F,North Noahstad,2024-08-23
1716,56,F,Mooreport,2021-11-09
1717,20,M,Port Jacobland,2022-04-22
1718,62,M,North Susan,2024-07-12
1719,30,F,Sanchezfort,2023-12-30
1720,67,M,Jasonfort,2023-12-26
1721,45,M,East Jill,2022-07-24
1722,37,M,Stevenland,2022-01-19
1723,45,M,Danielchester,2023-03-09
1724,25,M,Lisatown,2022-12-25
1725,58,F,Stewartland,2022-01-29
1726,56,M,West Michael,2023-04-16
1727,18,M,North Sarabury,2022-05-20
1728,20,M,West Natashaport,2023-05-15
1729,30,M,East Nathaniel,2023-09-12
1730,45,F,New Mariotown,2022-10-03
1731,66,F,Lake Leeton,2022-11-19
1732,42,F,Adamsborough,2023-12-02
1733,50,F,Shieldston,2023-01-01
1734,55,M,West Allison,2023-01-26
1735,23,F,Jacquelineland,2021-12-04
1736,61,M,South Todd,2022-08-19
1737,62,M,Bassport,2022-12-24
1738,49,M,West Natashaport,2022-11-27
1739,62,M,South Patrickmouth,2023-08-12
1740,64,M,East Nathaniel,2022-07-24
1741,38,F,South Aaron,2022-11-27
1742,33,F,North Matthewberg,2024-08-03
1743,38,F,South Aaron,2022-03-17
1744,28,F,New Roberttown,2024-07-14
1745,54,M,Mooreport,2023-01-27
1746,53,F,Lake Roberto,2023-10-05
1747,52,M,North Matthewberg,2022-10-11
1748,36,F,East Nicholasfurt,2023-01-01
1749,37,M,New Mariotown,2022-01-04
1750,35,M,South Todd,2022-12-31
1751,64,F,New Kellystad,2022-11-22
1752,58,M,Samuelhaven,2021-12-05
1753,66,M,Shieldston,2024-04-21
1754,31,F,East Jill,2023-12-06
1755,32,M,Shieldston,2022-05-10
1756,48,F,Lake Debra,2024-01-11
1757,18,F,North Jessicaland,2021-12-02
1758,20,F,West Donald,2023-08-05
1759,33,M,South Patrickmouth,2023-04-14
1760,40,M,South Noah,2022-04-10
1761,28,M,Lake Roberto,2024-01-08
1762,29,F,Rodneyside,2022-09-29
1763,27,M,Martinezbury,2024-07-26
1764,49,F,North Sarabury,2023-08-18
1765,33,F,North Jessicaland,2022-02-18
1766,25,M,Leeville,2021-12-31
1767,55,F,New Roberttown,2022-06-17
1768,29,M,South Christineshire,2022-03-19
1769,41,M,East Nicholasfurt,2022-02-24
1770,45,M,East Jill,2023-12-21
1771,25,M,North Amandahaven,2021-12-01
1772,45,M,North Jessicaland,2024-07-18
1773,53,F,East Jill,2023-07-30
1774,43,F,South Dianeshire,2023-01-31
1775,25,F,Danielchester,2023-05-20
1776,67,M,Evanmouth,2023-06-07
1777,45,M,North Amandahaven,2023-09-26
1778,45,M,Daviston,2024-05-03
1779,54,F,Lake Roberto,2023-08-15
1780,58,M,Lake Mark,2024-08-26
1781,53,F,North Jessicaland,2022-08-30
1782,44,F,Leeville,2024-08-09
1783,34,M,South Aaron,2022-08-22
1784,26,M,Port Richard,2023-01-04
1785,50,F,North Susan,2023-02-05
1786,37,M,West Juan,2023-08-02
1787,30,F,East Courtneychester,2024-01-30
1788,45,M,Brandtside,2023-06-20
1789,65,M,West Elizabeth,2022-09-30
1790,46,F,New Brooke,2021-11-30
1791,30,M,East Jamesside,2023-01-29
1792,63,F,Daviston,2021-10-21
1793,52,M,West Elizabeth,2022-10-19
1794,23,F,Port Jesseville,2022-07-21
1795,35,F,Herrerafurt,2023-08-17
1796,68,M,Ramirezstad,2024-08-16
1797,22,F,Port Jesseville,2021-12-17
1798,64,M,Herrerafurt,2023-06-23
1799,42,M,Lake Roberto,2022-11-05
1800,19,M,Lake Debbie,2023-06-08
1801,27,F,New Roberttown,2024-07-21
1802,47,F,Port Jesseville,2023-11-28
1803,67,M,Daviston,2021-10-24
1804,62,M,East Lydiamouth,2024-06-02
1805,22,F,East Josephville,2023-05-29
1806,50,M,Lake Debra,2022-04-04
1807,18,M,Lake Debbie,2023-07-05
1808,35,F,Mortonside,2023-03-13
1809,49,M,Daviston,2024-07-25
1810,64,F,South Noah,2023-01-16
1811,66,M,Lake Debbie,2024-02-15
1812,28,F,East Nicholasfurt,2024-03-15
1813,38,M,Lake Mark,2024-08-21
1814,43,M,Sarahborough,2021-12-11
1815,42,F,Rodneyside,2023-08-19
1816,39,M,South Patrickmouth,2021-10-22
1817,44,F,Tashatown,2023-10-25
1818,66,M,Port Jesseville,2024-08-31
1819,30,F,Shawhaven,2023-04-07
1820,50,F,Port Colleenhaven,2023-07-10
1821,51,F,Evanmouth,2022-10-13
1822,58,F,Lake Chad,2024-06-12
1823,52,M,South Aaron,2022-11-08
1824,18,M,North Matthewberg,2024-01-06
1825,38,F,East Lydiamouth,2023-09-24
1826,65,F,North Deniseside,2021-11-06
1827,23,F,Stewartland,2023-08-02
1828,45,M,East Jill,2022-09-11
1829,34,M,Lake Lisaport,2022-09-06
1830,22,M,Mooreport,2023-05-14
1831,48,M,Mortonside,2022-11-07
1832,22,F,Lake Leeton,2022-06-13
1833,55,F,North Sarabury,2024-03-31
1834,20,F,New Jeffrey,2024-08-01
1835,40,M,East Jamesside,2023-07-02
1836,54,M,East Lydiamouth,2022-02-21
1837,54,M,Wilkersonmouth,2021-12-08
1838,27,F,South Todd,2023-09-07
1839,27,F,Sarahborough,2024-06-10
1840,36,M,West Elizabeth,2022-08-16
1841,34,F,Robinsonshire,2023-08-30
1842,38,M,Danielchester,2023-09-05
1843,31,M,Lake Mark,2022-01-29
1844,26,F,North John,2023-10-26
1845,63,M,Port Keith,2021-12-11
1846,18,F,South Christineshire,2023-05-15
1847,68,M,Shieldston,2023-08-16
1848,62,F,Herrerafurt,2022-09-05
1849,30,F,Samuelhaven,2022-01-28
1850,21,F,West Natashaport,2023-10-20
1851,18,M,Port Colleenhaven,2024-07-14
1852,66,M,Sarahborough,2024-09-06
1853,57,F,East Donna,2024-06-06
1854,49,F,Danielchester,2021-12-21
1855,51,M,Daviston,2023-09-14
1856,45,M,Davidstad,2023-03-21
1857,48,M,Daviston,2021-09-29
1858,25,F,Port Jacobland,2022-08-14
1859,56,M,Robinsonshire,2024-07-18
1860,43,M,North Sarabury,2022-09-19
1861,51,F,New Brooke,2023-12-28
1862,20,M,Lisatown,2022-04-08
1863,67,M,New Jeffrey,2024-09-09
1864,29,M,Lake Chad,2022-02-26
1865,18,F,Mooreport,2022-07-31
1866,61,F,Port Keith,2024-01-21
1867,22,F,South Noah,2023-03-20
1868,47,F,Danielchester,2023-04-24
1869,47,F,North Deniseside,2023-11-28
1870,34,F,Lake Lisaport,2023-04-10
1871,65,F,East Jill,2023-09-05
1872,64,M,Danielchester,2024-04-27
1873,40,M,Sarahborough,2023-07-19
1874,32,F,Port Jacobland,2023-06-26
1875,54,M,New Jessica,2022-02-26
1876,38,M,Sarahborough,2022-03-27
1877,31,F,North Noahstad,2023-10-09
1878,19,M,Jasonfort,2023-07-26
1879,28,M,North Deniseside,2024-05-26
1880,68,M,Jasonfort,2023-11-09
1881,56,M,North Micheleland,2021-10-27
1882,55,M,Tashatown,2022-10-14
1883,51,F,South Aaron,2023-11-07
1884,55,F,Williamview,2024-08-07
1885,67,F,Lake Chad,2023-07-11
1886,51,M,Mortonside,2023-12-13
1887,35,F,New Brooke,2024-01-17
1888,47,M,North Micheleland,2022-05-24
1889,32,M,New Jeffrey,2022-05-30
1890,44,M,New Roberttown,2024-08-03
1891,68,M,Hoffmanville,2024-01-17
1892,51,F,New Mariotown,2024-05-27
1893,69,F,Robinsonshire,2022-04-10
1894,55,M,Jasonfort,2023-09-23
1895,50,F,New Kellystad,2023-05-28
1896,41,M,Evanmouth,2023-01-05
1897,32,F,Lake Roberto,2024-01-01
1898,47,F,South Noah,2024-01-10
1899,59,M,Evanmouth,2023-03-15
1900,68,F,South Todd,2022-12-12
1901,34,M,Jasonfort,2022-03-06
1902,22,F,South David,2022-04-16
1903,46,M,South Todd,2023-07-04
1904,21,M,East Donna,2024-04-23
1905,27,F,Shieldston,2021-11-06
1906,34,F,Herrerafurt,2023-02-18
1907,27,M,South Patrickmouth,2022-10-21
1908,34,F,North Cynthiaview,2024-06-29
1909,37,F,East Josephville,2023-10-29
1910,41,M,New Kellystad,2023-03-29
1911,22,M,East Courtneychester,2022-01-24
1912,51,F,Port Jacobland,2021-12-10
1913,23,M,New Jessica,2022-03-04
1914,19,M,West Michael,2023-01-15
1915,30,M,West Juan,2023-03-26
1916,60,F,Shieldston,2024-03-08
1917,60,F,Taylorburgh,2021-12-19
1918,65,M,Robinsonshire,2024-06-03
1919,28,F,South Patrickmouth,2024-02-22
1920,68,M,West Juan,2024-05-06
1921,64,F,North John,2024-06-25
1922,40,M,East Jill,2022-12-08
1923,33,M,Shieldston,2022-11-18
1924,48,F,East Lydiamouth,2022-10-24
1925,28,M,Johnfurt,2022-11-07
1926,33,F,East Courtneychester,2021-12-08
1927,25,F,Lake Debra,2022-05-14
1928,21,M,Johnfurt,2022-08-25
1929,57,M,Lake Nicoleview,2021-12-27
1930,21,F,North Noahstad,2023-11-02
1931,42,M,East Mikeburgh,2022-09-12
1932,20,M,East Jill,2022-02-17
1933,49,M,Cassandraton,2021-10-21
1934,20,M,Martinezbury,2024-06-11
1935,44,M,East Courtneychester,2023-02-09
1936,46,F,New David,2024-03-08
1937,49,F,South David,2023-12-20
1938,67,M,Mooreport,2023-02-06
1939,68,M,North Amandahaven,2023-07-16
1940,36,M,Johnfurt,2024-05-29
1941,38,F,Ericmouth,2021-09-30
1942,22,M,Hoffmanville,2022-05-04
1943,35,F,South Noah,2022-02-20
1944,45,F,Mooreport,2024-07-06
1945,59,F,Juliechester,2023-07-09
1946,39,M,East Jamesside,2022-12-17
1947,38,F,Lisatown,2024-01-08
1948,23,M,New Brooke,2022-05-28
1949,18,F,Port Jesseville,2022-01-21
1950,22,M,North Matthewberg,2022-05-29
1951,58,F,East Jessetown,2023-08-11
1952,29,M,East Jessetown,2023-07-24
1953,43,F,New Stephanie,2021-11-17
1954,63,M,Ramirezstad,2024-03-15
1955,51,M,New Jeffrey,2023-03-11
1956,66,M,West Juan,2023-04-20
1957,31,M,New Jeffrey,2023-08-03
1958,43,F,South Aaron,2023-06-02
1959,62,F,Port Colleenhaven,2023-11-06
1960,44,M,Martinezbury,2022-07-26
1961,26,F,Taylorburgh,2021-09-11
1962,43,M,Taylorburgh,2022-10-01
1963,64,M,East Jamesside,2023-05-28
1964,39,F,Hoffmanville,2022-04-03
1965,64,M,Lisatown,2023-09-12
1966,47,M,West Donald,2023-04-06
1967,60,F,East Josephville,2022-10-10
1968,65,M,South Christineshire,2024-07-20
1969,34,M,Lake Chad,2023-04-29
1970,43,M,Saramouth,2024-01-19
1971,53,M,South Christineshire,2023-03-20
1972,18,F,Lake Debra,2021-10-02
1973,25,F,West Elizabeth,2024-04-24
1974,66,F,East Jill,2021-10-27
1975,52,M,East Jamesside,2022-11-08
1976,69,M,Lake Lisaport,2022-10-24
1977,32,F,South Noah,2023-12-08
1978,64,M,South David,2022-10-06
1979,39,M,South Noah,2021-11-23
1980,31,M,North Noahstad,2022-06-01
1981,43,M,North Amandahaven,2023-08-31
1982,45,F,Leeville,2022-01-01
1983,40,F,East Nathaniel,2023-06-09
1984,31,F,Lake Debra,2023-12-18
1985,41,M,Mortonside,2022-02-03
1986,19,F,New Kellystad,2022-10-01
1987,62,F,Stewartland,2022-09-16
1988,43,M,Bassport,2023-08-15
1989,31,M,Stewartland,2024-03-08
1990,68,F,Lake Crystalbury,2023-09-30
1991,24,F,Sarahborough,2024-08-19
1992,20,F,East Donna,2023-02-16
1993,64,F,South Patrickmouth,2022-03-28
1994,40,M,South Aaron,2022-02-04
1995,63,F,South Dianeshire,2023-11-03
1996,60,F,Hoffmanville,2024-07-10
1997,64,M,Shieldston,2021-10-20
1998,62,F,Cassandraton,2022-04-18
1999,35,M,Taylorburgh,2024-01-25
2000,55,M,South Noah,2024-05-07
